         w __deregister_frame_info
         w __register_frame_info
         w userAppExit
         w userAppInit
00000000 00000802 B __ctru_dev_utf16_buf
00000000 A __sync_synchronize
00000000 b _TLS_MODULE_BASE_
00000000 a shift
00000000 a shift
00000804 00000401 B __ctru_dev_path_buf
00100000 A __start__
00100000 T _start
00100008 T __service_ptr
0010000c T __apt_appid
00100010 T __heap_size
00100014 T __linear_heap_size
00100018 T __system_arglist
0010001c T __system_runflags
00100020 t startup
00100058 t ClearMem
0010006c t ClrLoop
00100094 T _init
001000ac t .udivsi3_skip_div0_test
001000ac T __aeabi_uidiv
001000ac 000001ec T __udivsi3
00100298 00000020 T __aeabi_uidivmod
001002b8 T __aeabi_idiv
001002b8 00000220 T __divsi3
001002c0 t .divsi3_skip_div0_test
001004d8 00000020 T __aeabi_idivmod
001004f8 00000004 W __aeabi_idiv0
001004f8 00000004 W __aeabi_ldiv0
001004fc T __aeabi_drsub
00100504 000002b0 T __aeabi_dsub
00100504 000002b0 T __subdf3
00100508 000002ac T __adddf3
00100508 000002ac T __aeabi_dadd
001007b4 00000024 T __aeabi_ui2d
001007b4 00000024 T __floatunsidf
001007d8 00000028 T __aeabi_i2d
001007d8 00000028 T __floatsidf
00100800 00000048 T __aeabi_f2d
00100800 00000048 T __extendsfdf2
00100848 00000074 T __aeabi_ul2d
00100848 00000074 T __floatundidf
0010085c 00000060 T __aeabi_l2d
0010085c 00000060 T __floatdidf
001008bc T __aeabi_ldivmod
00100990 T __aeabi_uldivmod
001009e8 00000390 T strcmp
00100d70 t __do_global_dtors_aux
00100dc0 t frame_dummy
00100dec 00000010 t stbi__stdio_eof
00100dfc 000000a8 t stbi__mad3sizes_valid
00100ea4 00000424 t stbi__idct_block
001012c8 00000008 t resample_row_1
001012d0 00000044 t stbi__resample_row_v_2
00101314 000000b0 t stbi__resample_row_hv_2
001013c4 00000074 t stbi__resample_row_generic
00101438 000000e8 t stbi__YCbCr_to_RGB_row
00101520 0000006c t stbi__bitreverse16
0010158c 00000008 t stbi__stdio_skip
00101594 00000010 t stbi__stdio_read
001015a4 00000180 t stbi__build_huffman
00101724 0000007c t stbi__malloc_mad2
001017a0 000000b4 t stbi__vertical_flip
00101854 000000b4 t img_write_cb
00101908 000000dc t stbi__resample_row_h_2
001019e4 00000068 t stbi__fill_bits
00101a4c 00000138 t stbi__zhuffman_decode
00101b84 0000008c t stbi__free_jpeg_components.constprop.0
00101c10 00000064 t stbi__refill_buffer
00101c74 0000006c t stbi__skip
00101ce0 000001e4 t stbi__zbuild_huffman
00101ec4 000000b0 t stbi__malloc_mad3
00101f74 0000112c t stbi__create_png_image_raw
001030a0 000002d0 t stbi__compute_huffman_codes
00103370 00000688 t stbi__parse_zlib
001039f8 000000c0 t stbi__get16be
00103ab8 0000015c t stbi__get32be
00103c14 000000e8 t stbi__grow_buffer_unsafe
00103cfc 00000158 t stbi__jpeg_huff_decode
00103e54 000000a8 t stbi__extend_receive
00103efc 000001bc t stbi__jpeg_decode_block
001040b8 0000010c t stbi__jpeg_decode_block_prog_dc.part.0
001041c4 000007d0 t stbi__process_marker
00104994 00000980 t stbi__decode_jpeg_header
00105314 000000b0 T stbi_zlib_decode_malloc_guesssize_headerflag
001053c4 00001238 t stbi__parse_png_file
001065fc 00003244 t stbi__load_main.isra.0
00109840 00000128 t stbi__load_and_postprocess_8bit
00109968 0000003c T album_art_init
001099a4 000000a4 T album_art_cleanup
00109a48 000001d4 T album_art_load_async
00109c1c 000002ec T album_art_update
00109f08 00000098 T album_art_draw
00109fa0 00000010 T album_art_has_texture
00109fb0 00000010 T album_art_is_loading
00109fc0 000000f4 t drflac_oggbs__seek_physical
0010a0b4 00000008 t drflac__on_tell_ogg
0010a0bc 00000008 t flac_seek_proc
0010a0c4 00000010 t drflac__on_read_stdio
0010a0d4 0000008c t prefetch_ring_write
0010a160 0000008c t ring_write
0010a1ec 00000094 t ring_read
0010a280 00000004 t drflac__free_default
0010a284 00000004 t drflac__realloc_default
0010a288 00000004 t drflac__malloc_default
0010a290 00000130 t drflac__read_streaminfo
0010a3c0 0000012c t drflac_ogg__read_page_header_after_capture_pattern.constprop.0
0010a4ec 000000e8 t drflac_ogg__read_page_header
0010a5d4 0000019c t drflac_oggbs__goto_next_page
0010a770 00000104 t drflac__on_seek_ogg
0010a874 000000fc t drflac__on_read_ogg
0010a970 000002b8 t drflac__reload_cache
0010ac28 000001a8 t drflac__read_int32
0010add0 00000130 t drflac__read_uint8
0010af00 00000164 t drflac__read_utf8_coded_number
0010b064 00000158 t drflac__read_subframe_header
0010b1bc 00000130 t drflac__read_uint16
0010b2ec 00000174 t drflac__seek_bits
0010b460 000007f8 t drflac__read_next_flac_frame_header
0010bc58 00000440 t drflac__decode_samples_with_residual__rice__scalar_zeroorder.constprop.0
0010c098 00004b9c t drflac__decode_samples_with_residual__rice__scalar
00110c34 00000b00 t drflac__decode_samples_with_residual
00111734 00000660 t drflac__decode_flac_frame
00111d94 0000006c t drflac__read_and_decode_next_flac_frame
00111e00 00000974 t drflac_read_pcm_frames_s16.part.0
00112774 00000054 t drflac__malloc_from_callbacks
001127c8 000003a0 t drflac__init_private__ogg.isra.0
00112b68 000001c4 t drflac__init_private__native.isra.0
00112d2c 00000008 t flac_tell_proc
00112d34 000000c0 t prefetch_curl_write_cb
00112df4 000001b8 t flac_read_proc
00112fac 000000c0 t curl_write_cb
0011306c 000014a4 t drflac_open_with_metadata_private
00114510 000000cc T drflac_close
001145dc 00000068 T audio_player_cancel_prefetch
00114644 00000254 T audio_player_prefetch_url
00114898 00000044 T audio_player_is_prefetch_ready
001148e0 00000370 T audio_player_activate_prefetch
00114c50 000000c8 T audio_player_stop
00114d18 000000b4 T audio_player_cleanup
00114dcc 000002e0 T audio_player_load_url
001150ac 00000040 T audio_player_toggle
001150f0 00000af4 T audio_player_update
00115be4 00000010 T audio_player_get_state
00115bf4 00000084 T audio_player_get_progress
00115c78 00000034 T audio_player_get_position_ms
00115cac 00000010 T audio_player_set_duration
00115cbc 00000084 T audio_player_set_volume
00115d40 0000015c T audio_player_init
00115e9c 00000010 T audio_player_get_volume
00115eac 00000010 T audio_player_get_download_speed
00115ebc 00000010 T audio_player_needs_quality_downgrade
00115ecc 00000018 T audio_player_clear_downgrade_flag
00115ee4 00000038 T config_set_defaults
00115f1c 000001b8 T config_load
001160d4 00000128 T config_save
001161fc 00000080 T logger_init
0011627c 00000160 T logger_log
001163dc 00000010 T logger_get_log_count
001163ec 00000064 T logger_get_log_line
00116450 00000248 T main
00116698 00000064 t http_write_cb
001166fc 00000064 t url_encode_cat
00116760 00000168 t parse_lrc_lyrics.part.0
001168c8 0000054c t parse_tracks_from_json.part.0
00116e14 000001d0 t plex_api_get_transcode_url.part.0
00116fe4 000001b4 t sanitize_server_url.constprop.0
00117198 000001c0 t plex_http_post_full_url.constprop.0
00117358 00000224 t plex_http_get_full_url.constprop.0
0011757c 00000204 t plex_http_get.part.0.constprop.0
00117780 00000520 t plex_api_get_albums_page.part.0
00117ca0 0000048c t plex_api_get_artists_page.part.0
0011812c 00000100 t plex_api_get_tracks_page.part.0
0011822c 00000010 T plex_api_get_quality_tier
0011823c 00000034 T plex_api_set_quality_tier
00118270 00000054 T plex_api_quality_step_down
001182c4 0000001c T plex_api_get_quality_label
001182e0 000000b4 T plex_api_suggest_quality
00118394 0000005c T plex_api_init
001183f0 0000001c T plex_api_cleanup
0011840c 0000000c T plex_api_get_token
00118418 0000005c T plex_api_test_connection
00118474 00000108 T plex_api_create_pin
0011857c 00000130 T plex_api_check_pin
001186ac 000002ec T plex_api_login_direct
00118998 00000488 T plex_api_get_servers
00118e20 000001ec T plex_api_get_music_libraries
0011900c 00000034 T plex_api_get_artists_page
00119040 00000044 T plex_api_get_artists
00119084 00000034 T plex_api_get_albums_page
001190b8 00000034 T plex_api_get_tracks_page
001190ec 0000028c T plex_api_get_playlists
00119378 000000f8 T plex_api_search_tracks
00119470 000000b0 T plex_api_get_recently_added
00119520 00000270 T plex_api_get_stream_url
00119790 000000e0 T plex_api_report_timeline
00119870 00000468 T plex_api_get_lyrics
00119cd8 00000068 t show_keyboard
00119d40 00000290 t play_track
00119fd0 0000009c t draw_text_centered
0011a06c 000001e4 t format_quality_tag.part.0.constprop.0
0011a250 000001c8 t draw_scrolling_text.constprop.0
0011a418 000001b4 t draw_loading_spinner
0011a5cc 00000160 t draw_header
0011a72c 00000228 t draw_list_item
0011a954 00000034 T ui_init
0011a988 00000030 T ui_cleanup
0011a9b8 00000010 T ui_set_config
0011a9c8 000001fc T ui_set_screen
0011abc4 0000198c T ui_update
0011c550 00000a30 T ui_render_top
0011cf80 00001354 T ui_render_bottom
0011e2d4 00000070 t parse_hex4
0011e344 000003d4 t parse_string
0011e718 0000006c t buffer_skip_whitespace
0011e784 000000e4 t get_object_item
0011e868 000000a8 T cJSON_Delete
0011e910 00000578 t parse_value
0011ee88 000001f0 T cJSON_ParseWithLengthOpts
0011f078 0000002c T cJSON_Parse
0011f0a4 00000050 T cJSON_GetArrayItem
0011f0f4 00000008 T cJSON_GetObjectItem
0011f0fc 00000018 T cJSON_IsTrue
0011f114 00000018 T cJSON_IsBool
0011f12c 00000018 T cJSON_IsNumber
0011f144 00000018 T cJSON_IsString
0011f15c 00000018 T cJSON_IsArray
0011f174 00000044 t C2Di_FrameEndHook
0011f1b8 00000368 T C2D_Init
0011f520 0000004c T C2D_Fini
0011f56c 000000bc T C2D_Prepare
0011f628 00000048 T C2D_Flush
0011f670 000000fc T C2D_SceneSize
0011f76c 00000060 T C2D_CreateScreenTarget
0011f7cc 00000060 T C2D_TargetClear
0011f82c 0000014c T C2Di_CalcQuad
0011f978 00000054 T C2Di_AppendQuad
0011f9cc 00000040 T C2Di_AppendVtx
0011fa0c 00000738 T C2Di_Update
00120144 000002e8 T C2D_DrawImage
0012042c 00000168 T C2D_DrawRectangle
00120594 00000174 T C2D_DrawEllipse
00120708 00000018 t C2Di_GlyphComp
00120720 00000180 t C2Di_CalcLineWidths
001208a0 000001d0 T C2D_TextBufNew
00120a70 00000004 T C2D_TextBufDelete
00120a74 0000000c T C2D_TextBufClear
00120a80 000001c4 T C2D_TextFontParseLine
00120c44 000000a4 T C2D_TextFontParse
00120ce8 00000010 T C2D_TextParse
00120cf8 00000030 T C2D_TextOptimize
00120d28 000000e8 T C2D_TextGetDimensions
00120e10 00000fdc T C2D_DrawText
00121dec 00000050 T C2D_FontGlyphIndexFromCodePoint
00121e3c 00000074 T C2D_FontCalcGlyphPos
00121eb0 00000028 T AttrInfo_Init
00121ed8 00000094 T AttrInfo_AddLoader
00121f6c 00000054 T C3D_SetAttrInfo
00121fc0 00000080 T C3Di_AttrInfoBind
00122040 00000004 W C3Di_LightEnvUpdate
00122044 00000004 W C3Di_LightEnvDirty
00122048 000000b4 t C3Di_AptEventHook
001220fc 00000004 W C3Di_GasUpdate
00122100 000001d0 T C3D_Init
001222d0 00000098 T C3D_SetViewport
00122368 000004e8 T C3Di_UpdateContext
00122850 000000e0 T C3Di_SplitFrame
00122930 00000044 T C3D_Fini
00122974 00000194 T C3D_BindProgram
00122b08 00000024 T BufInfo_Init
00122b2c 00000080 T BufInfo_Add
00122bac 0000003c T C3D_SetBufInfo
00122be8 00000048 T C3Di_BufInfoBind
00122c30 0000021c T C3D_DrawElements
00122e4c 00000040 T C3D_DepthMap
00122e8c 0000001c T C3D_CullFace
00122ea8 00000040 T C3D_StencilTest
00122ee8 00000024 T C3D_StencilOp
00122f0c 0000001c T C3D_BlendingColor
00122f28 00000024 T C3D_EarlyDepthTest
00122f4c 0000002c T C3D_DepthTest
00122f78 0000002c T C3D_AlphaTest
00122fa4 00000050 T C3D_AlphaBlend
00122ff4 00000030 T C3D_FragOpMode
00123024 00000044 T C3D_FragOpShadow
00123068 000001ac T C3Di_EffectBind
00123214 0000001c T C3D_CalcColorBufSize
00123230 0000001c T C3D_CalcDepthBufSize
0012324c 00000044 T C3D_SetFrameBuf
00123290 0000016c T C3Di_FrameBufBind
001233fc 000000c8 T C3D_FrameBufClear
001234c4 00000044 T C3D_FrameBufTransfer
00123508 000000a8 T C3D_ImmSendAttrib
001235b0 00000070 T C3D_ProcTexInit
00123620 00000054 T C3D_ProcTexBind
00123674 0000005c T C3D_ProcTexLutBind
001236d0 000000a4 T ProcTexLut_FromArray
00123774 00000178 T C3Di_ProcTexUpdate
001238ec 00000068 T C3Di_ProcTexDirty
00123954 0000004c t onVBlank0
001239a0 0000004c t onVBlank1
001239ec 00000080 t C3Di_RenderTargetDestroy
00123a6c 000000f4 t onQueueFinish
00123b60 00000038 T C3Di_RenderQueueEnableVBlank
00123b98 00000030 T C3Di_RenderQueueDisableVBlank
00123bc8 00000060 T C3Di_RenderQueueInit
00123c28 000000b4 T C3Di_RenderQueueExit
00123cdc 00000034 T C3Di_RenderQueueWaitDone
00123d10 000000e8 T C3D_FrameBegin
00123df8 00000048 T C3D_FrameDrawOn
00123e40 00000058 T C3D_FrameSplit
00123e98 000001d0 T C3D_FrameEnd
00124068 0000001c T C3D_FrameEndHook
00124084 00000170 T C3D_RenderTargetCreate
001241f4 000000a8 T C3D_RenderTargetSetOutput
0012429c 00000034 T C3D_GetTexEnv
001242d0 00000024 T C3Di_TexEnvBind
001242f4 00000290 T C3D_TexInitWithParams
00124584 00000044 T C3D_TexBind
001245c8 00000074 T C3D_TexDelete
0012463c 0000014c T C3Di_SetTex
00124788 00000290 T C3D_UpdateUniforms
00124a18 000000c0 T C3Di_DirtyUniforms
00124ad8 000000d8 T C3Di_LoadShaderUniforms
00124bb0 00000028 T C3Di_ClearShaderUniforms
00124bd8 000000cc T Mtx_Ortho
00124ca4 000000cc T Mtx_OrthoTilt
00124d70 000000c0 t global_init
00124e30 0000005c T curl_global_init
00124e8c 00000084 T curl_global_cleanup
00124f10 000000a8 T curl_easy_init
00124fb8 00000154 T curl_easy_perform
0012510c 00000040 T curl_easy_cleanup
0012514c 00000030 T curl_easy_getinfo
0012517c 0000017c T curl_easy_pause
001252f8 00000174 T curl_easy_escape
0012546c 00000194 T Curl_urldecode
00125600 00000010 T curl_free
00125610 00000094 T Curl_hexencode
001256a8 000000d4 T Curl_initinfo
00125780 00000ac0 T Curl_getinfo
00126240 000000ac t hsts_create
001262ec 000000e8 t hsts_pull
001263d4 00000034 T Curl_hsts_init
00126408 00000074 T Curl_hsts_cleanup
0012647c 00000158 T Curl_hsts
001265d8 000002b4 T Curl_hsts_parse
0012688c 000000fc t hsts_add.isra.0
00126988 00000110 t hsts_load
00126a98 00000360 T Curl_hsts_save
00126df8 00000014 T Curl_hsts_loadcb
00126e0c 00000048 T Curl_hsts_loadfiles
00126e54 00000074 T Curl_input_digest
00126ec8 000001b4 T Curl_output_digest
0012707c 0000001c T Curl_http_auth_cleanup_digest
00127098 00000018 T Curl_llist_init
001270b0 00000070 T Curl_llist_insert_next
00127120 00000094 T Curl_llist_remove
001271b4 000000b0 T Curl_llist_destroy
00127264 00000008 T Curl_llist_count
0012726c 00000070 t mime_mem_seek
001272dc 00000028 t mime_mem_free
00127304 00000078 t mime_mem_read
0012737c 00000040 t mime_file_free
001273bc 0000005c t content_type_match
00127418 000000e4 t escape_string
001274fc 00000068 t mime_file_read
00127564 00000074 t mime_file_seek
001275d8 00000074 t search_header
0012764c 0000011c t mime_subparts_seek
00127768 00000070 t mime_subparts_unbind
001277d8 000000e4 t Curl_mime_cleanpart.part.0
001278bc 000000b8 t curl_mime_free.part.0
00127978 00000070 t mime_subparts_free
001279e8 0000034c t read_part_content.part.0
00127d34 000004cc t readback_part
00128200 0000000c T Curl_mime_cleanpart
0012820c 00000090 T curl_mime_init
0012829c 00000020 T Curl_mime_initpart
001282bc 00000068 T curl_mime_addpart
00128324 0000006c T curl_mime_name
00128390 0000006c T curl_mime_filename
001283fc 000001b8 t curl_mime_filedata.part.0
001285b4 0000013c T curl_mime_data
001286f0 0000009c T curl_mime_filedata
0012878c 0000006c T curl_mime_type
001287f8 00000064 T curl_mime_headers
0012885c 000000c0 T curl_mime_data_cb
0012891c 0000012c T Curl_mime_set_subparts
00128a48 00000118 T curl_mime_subparts
00128b60 00000040 T Curl_mime_read
00128ba0 000000a8 T Curl_mime_rewind
00128c48 000001d4 T Curl_mime_size
00128e1c 0000007c T Curl_mime_add_header
00128e98 00000078 T Curl_mime_contenttype
00128f10 00000568 T Curl_mime_prepare_headers
00129478 00000168 T Curl_mime_unpause
001295e0 00000030 t addbyter
00129610 0000003c t alloc_addbyter
0012964c 00000074 T curl_msnprintf
001296c0 00001658 t dprintf_formatf
0012ad18 0000005c T curl_mvsnprintf
0012ad74 0000005c T Curl_dyn_vprintf
0012add0 000000a0 T curl_mvaprintf
0012ae70 0000002c T curl_maprintf
0012ae9c 00000034 T curl_mfprintf
0012aed0 00000018 t trhash
0012aee8 00000018 t trhash_compare
0012af00 00000004 t trhash_dtor
0012af04 00000010 t sh_freeentry
0012af14 00000018 t fd_key_compare
0012af2c 00000018 t hash_fd
0012af44 0000002c t before_perform
0012af70 000000b0 t multi_getsock
0012b020 000004bc t singlesocket
0012b4dc 00000054 t close_connect_only
0012b530 000000c4 t multi_timeout
0012b5f4 000000e4 t add_next_timeout.isra.0
0012b6d8 000003cc t multi_wait.part.0
0012baa4 00000150 T Curl_multi_handle
0012bbf4 00000014 T curl_multi_init
0012bc08 00000010 T Curl_multiplex_wanted
0012bc18 0000003c T Curl_detach_connection
0012bc54 00000058 T Curl_attach_connection
0012bcac 0000006c T curl_multi_poll
0012bd18 00000010 T Curl_multi_connchanged
0012bd28 00000048 T Curl_preconnect
0012bd70 00000084 T curl_multi_info_read
0012bdf4 00000020 T Curl_updatesocket
0012be14 000000dc T Curl_multi_closed
0012bef0 00000224 T curl_multi_setopt
0012c118 00000138 T Curl_update_timer
0012c250 00000240 T Curl_expire
0012c490 00000200 t curl_multi_add_handle.part.0
0012c690 00000060 T curl_multi_add_handle
0012c6f0 0000009c t process_pending_handles
0012c78c 0000034c t multi_done
0012cad8 0000016c t multi_handle_timeout
0012cc44 00000160 T curl_multi_cleanup
0012cda4 00001824 t multi_runsingle
0012e5c8 000000f0 T curl_multi_perform
0012e6b8 00000040 T Curl_expire_done
0012e6f8 000000a8 T Curl_expire_clear
0012e7a0 00000044 t init_completed
0012e7e4 00000298 T curl_multi_remove_handle
0012ea7c 0000000c T Curl_multi_max_host_connections
0012ea88 0000000c T Curl_multi_max_total_connections
0012ea94 0000003c T Curl_set_in_callback
0012ead0 00000038 T Curl_is_in_callback
0012eb08 000006f0 t parsedate.constprop.0
0012f1f8 00000058 T Curl_getdate_capped
0012f250 0000002c T Curl_gmtime
0012f27c 00000248 t time2str
0012f4c8 00000268 t max5data
0012f730 00000030 T Curl_pgrsResetTransferSizes
0012f760 0000017c T Curl_pgrsTimeWas
0012f8dc 00000040 T Curl_pgrsTime
0012f91c 00000134 T Curl_pgrsLimitWaitTime
0012fa50 00000060 T Curl_pgrsSetDownloadCounter
0012fab0 000000f4 T Curl_ratelimit
0012fba8 000000b0 T Curl_pgrsStartNow
0012fc58 0000000c T Curl_pgrsSetUploadCounter
0012fc64 00000028 T Curl_pgrsSetDownloadSize
0012fc8c 00000028 T Curl_pgrsSetUploadSize
0012fcb8 00000c2c T Curl_pgrsUpdate
001308e8 00000064 T Curl_pgrsDone
0013094c 000000c4 t randit.part.0
00130a10 00000080 T Curl_rand
00130a90 00000078 T Curl_rand_hex
00130b08 000000b8 T Curl_rand_alnum
00130bc0 00000014 T Curl_rename
00130bd4 00000078 T Curl_wait_ms
00130c4c 000000f0 T Curl_poll
00130d3c 00000194 T Curl_socket_check
00130ed0 00000008 t client_cew_init
00130ed8 00000004 t client_cew_close
00130edc 0000010c t pausewrite
00130fe8 00000278 t chop_write
00131260 0000003c t client_cew_write
0013129c 00000068 T Curl_nwrite
00131304 00000080 T Curl_write
00131384 000001e0 T Curl_client_write
00131564 000000f4 T Curl_client_unpause
00131658 0000008c T Curl_client_cleanup
001316e4 00000084 T Curl_client_create_writer
00131768 00000030 T Curl_client_free_writer
00131798 000000ec T Curl_client_add_writer
00131884 00000070 T Curl_read
001318f4 000000e0 t setstropt_userpwd
001319d4 000000d0 t protocol2num
00131aa4 00000080 T Curl_setstropt
00131b24 000000b0 T Curl_setblobopt
00131bd4 00002ef4 T Curl_vsetopt
00134ac8 00000038 T curl_easy_setopt
00134b00 00000044 T Curl_share_lock
00134b44 00000044 T Curl_share_unlock
00134b88 0000005c T Curl_slist_append_nodup
00134be4 00000090 T curl_slist_append
00134c74 00000048 T curl_slist_free_all
00134cbc 00000018 T Curl_speedinit
00134cd4 00000118 T Curl_speedcheck
00134dec 00000170 T Curl_splay
00134f5c 000000fc T Curl_splayinsert
00135058 000000d8 T Curl_splaygetbest
00135130 000000f0 T Curl_splayremove
00135220 00000010 T Curl_raw_toupper
00135230 00000010 T Curl_raw_tolower
00135240 00000098 T curl_strequal
001352d8 000000bc T curl_strnequal
00135394 0000003c T Curl_strntoupper
001353d0 0000003c T Curl_strntolower
0013540c 00000034 T Curl_safecmp
00135440 00000058 T Curl_timestrcmp
00135498 0000003c T Curl_memdup
001354d4 00000054 T Curl_saferealloc
00135528 000000d4 T curlx_strtoofft
001355fc 00000068 T Curl_now
00135664 000000dc T Curl_timediff
00135740 000000e0 T Curl_timediff_ceil
00135820 000000e0 T Curl_timediff_us
00135900 00000078 t trailers_read
00135978 00000058 T Curl_checkheaders
001359d0 00000044 T Curl_get_upload_buffer
00135a14 000004ac T Curl_fillreadbuffer
00135ec0 000000a0 T Curl_meets_timecondition
00135f60 0000001c T Curl_done_sending
00135f7c 0000125c T Curl_readwrite
001371d8 00000090 T Curl_single_getsock
00137268 00000034 T Curl_init_CONNECT
0013729c 0000042c T Curl_pretransfer
001376c8 00000008 T Curl_posttransfer
001376d0 00000688 T Curl_follow
00137d58 000001b4 T Curl_retry_request
00137f10 00000248 T Curl_setup_transfer
00138158 000000a4 t up_free
001381fc 00000158 t conn_free
00138354 000000e0 t setup_range
00138434 000004ac t parse_proxy
001388e0 000001d0 t extract_if_dead
00138ab0 00000028 t call_extract_if_dead
00138ad8 000000c4 T Curl_freeset
00138ba0 00000208 T Curl_init_userdefined
00138da8 000000c4 T Curl_open
00138e6c 000000e0 T Curl_disconnect
00138f4c 00000068 T Curl_verboseconnect
00138fb4 00000068 T Curl_builtin_scheme
0013901c 00000020 T Curl_uc_to_curlcode
0013903c 00000060 T Curl_free_request_state
0013909c 00000370 T Curl_close
0013940c 00000384 T Curl_parse_login_details
00139790 000000c0 T Curl_setup_conn
00139850 000000d8 T Curl_init_do
00139928 00002cec T Curl_connect
0013c614 0000008c t free_urlhandle
0013c6a0 000001bc t ipv6_parse
0013c85c 000001a4 t urlencode_str
0013ca00 000005cc t parse_authority
0013cfcc 000000f8 T Curl_is_absolute_url
0013d0c4 000009a8 t parseurl_and_replace
0013da6c 00000018 T curl_url
0013da84 00000028 T curl_url_cleanup
0013daac 000001cc T curl_url_dup
0013dc78 00000788 T curl_url_get
0013e400 00000b94 T curl_url_set
0013ef94 00000008 T curlx_ultous
0013ef9c 00000008 T curlx_ultouc
0013efa4 00000008 T curlx_uztosi
0013efac 00000004 T curlx_uztoui
0013efb0 00000008 T curlx_sltosi
0013efb8 00000004 T curlx_sltoui
0013efbc 00000008 T curlx_sltous
0013efc4 00000008 T curlx_uztosz
0013efcc 00000004 T curlx_sotouz
0013efd0 00000008 T curlx_uitous
0013efd8 00000098 t auth_digest_string_quoted
0013f070 0000003c t auth_digest_sha256_to_ascii
0013f0ac 0000003c t auth_digest_md5_to_ascii
0013f0e8 00000558 t auth_create_digest_http_message
0013f640 0000012c T Curl_auth_digest_get_pair
0013f76c 00000008 T Curl_auth_is_digest_supported
0013f774 0000078c T Curl_auth_create_digest_md5_message
0013ff00 00000068 T Curl_auth_create_digest_http_message
0013ff68 00000088 T Curl_auth_digest_cleanup
0013fff0 00000528 T Curl_auth_decode_digest_http_message
00140518 0000005c T Curl_auth_build_spn
00140574 00000084 T Curl_auth_allowed_to_host
001405f8 00000004 T Curl_none_cleanup
001405fc 00000008 T Curl_none_shutdown
00140604 00000008 T Curl_none_check_cxn
0014060c 00000008 T Curl_none_random
00140614 00000004 T Curl_none_close_all
00140618 00000008 T Curl_none_data_pending
00140620 00000008 T Curl_none_cert_status_request
00140628 00000008 T Curl_none_set_engine
00140630 00000008 T Curl_none_set_engine_default
00140638 00000008 T Curl_none_engines_list
00140640 00000054 t ssl_cf_data_pending
00140694 0000004c t ssl_cf_send
001406e0 00000084 t ssl_cf_cntrl
00140764 00000070 t ssl_cf_query
001407d4 00000084 t cf_ssl_is_alive
00140858 00000064 t blobdup
001408bc 00000174 t multissl_version
00140a30 000000ac t ssl_cf_recv
00140adc 00000050 t ssl_prefs_check
00140b2c 0000006c t ssl_cf_get_select_socks
00140b98 000000d0 t multissl_setup.part.0
00140c68 00000074 t multissl_send_plain
00140cdc 00000074 t multissl_recv_plain
00140d50 00000050 t multissl_close
00140da0 00000058 t multissl_get_internals
00140df8 00000060 t multissl_get_select_socks
00140e58 00000060 t multissl_connect_nonblocking
00140eb8 00000058 t multissl_connect
00140f10 00000048 t multissl_init
00140f58 00000060 t Curl_ssl_free_certinfo.part.0
00140fb8 00000078 t cf_ctx_new.isra.0
00141030 00000008 T Curl_none_false_start
00141038 00000004 T Curl_none_session_free
0014103c 000000b4 t cf_ssl_create.isra.0
001410f0 000000a4 t ssl_cf_close
00141194 000000a0 t ssl_cf_destroy
00141234 00000374 t ssl_cf_connect
001415a8 000001cc T Curl_ssl_config_matches
00141774 00000268 T Curl_clone_primary_ssl_config
001419dc 000000d8 T Curl_free_primary_ssl_config
00141ab4 00000034 T Curl_ssl_backend
00141ae8 00000038 T Curl_ssl_init
00141b20 00000038 T Curl_ssl_cleanup
00141b58 00000024 T Curl_ssl_sessionid_lock
00141b7c 00000020 T Curl_ssl_sessionid_unlock
00141b9c 000001c4 T Curl_ssl_getsessionid
00141d60 00000068 T Curl_ssl_kill_session
00141dc8 00000038 T Curl_ssl_delsessionid
00141e00 00000234 T Curl_ssl_addsessionid
00142034 00000020 T Curl_free_multi_ssl_backend_data
00142054 00000094 T Curl_ssl_close_all
001420e8 00000044 T Curl_ssl_get_select_socks
0014212c 00000014 T Curl_ssl_set_engine
00142140 00000014 T Curl_ssl_set_engine_default
00142154 00000014 T Curl_ssl_engines_list
00142168 00000058 T Curl_ssl_initsessions
001421c0 00000010 T Curl_ssl_free_certinfo
001421d0 00000014 T Curl_ssl_random
001421e4 00000070 T Curl_ssl_snihost
00142254 000004a0 T Curl_pin_peer_pubkey
001426f4 00000014 T Curl_ssl_cert_status_request
00142708 00000014 T Curl_ssl_false_start
0014271c 00000058 T Curl_ssl_cfilter_add
00142774 00000048 T Curl_cf_ssl_insert_after
001427bc 000000a0 T Curl_cf_ssl_proxy_insert_after
0014285c 00000020 T Curl_ssl_supports
0014287c 0000008c T Curl_ssl_get_internals
00142908 00000098 T Curl_ssl_cfilter_remove
001429a0 0000001c T Curl_ssl_cf_is_proxy
001429bc 00000020 T Curl_ssl_cf_get_config
001429dc 00000020 T Curl_ssl_cf_get_primary_config
001429fc 00000154 t altsvc_createid
00142b50 000000c0 t getalnum
00142c10 00000060 t hostcompare
00142c70 00000064 t alpn2alpnid
00142cd4 00000104 t altsvc_add.isra.0
00142dd8 000000ac t altsvc_flush
00142e84 00000024 T Curl_alpnid2str
00142ea8 00000040 T Curl_altsvc_init
00142ee8 0000011c T Curl_altsvc_load
00143004 00000018 T Curl_altsvc_ctrl
0014301c 00000080 T Curl_altsvc_cleanup
0014309c 00000214 T Curl_altsvc_save
001432b0 00000730 T Curl_altsvc_parse
001439e0 000000f8 T Curl_altsvc_lookup
00143ad8 0000019c t base64_encode
00143c74 000001c0 T Curl_base64_decode
00143e34 0000003c T Curl_base64_encode
00143e70 00000014 T Curl_bufref_init
00143e84 00000038 T Curl_bufref_free
00143ebc 00000040 T Curl_bufref_set
00143efc 00000008 T Curl_bufref_ptr
00143f04 00000008 T Curl_bufref_len
00143f0c 00000098 T Curl_bufref_memdup
00143fa4 00000008 T Curl_cf_def_cntrl
00143fac 000000f8 t conn_report_connect_stats.isra.0
001440a4 000000c0 t cf_cntrl_all.constprop.0
00144164 00000058 T Curl_cf_def_get_host
001441bc 00000018 T Curl_cf_def_get_select_socks
001441d4 00000018 T Curl_cf_def_data_pending
001441ec 00000034 T Curl_cf_def_send
00144220 00000034 T Curl_cf_def_recv
00144254 00000018 T Curl_cf_def_conn_is_alive
0014426c 00000018 T Curl_cf_def_conn_keep_alive
00144284 00000034 T Curl_cf_def_query
001442b8 0000005c T Curl_conn_cf_discard_chain
00144314 00000014 T Curl_conn_cf_discard_all
00144328 00000028 T Curl_conn_close
00144350 00000078 T Curl_conn_recv
001443c8 00000078 T Curl_conn_send
00144440 00000044 T Curl_cf_create
00144484 00000054 T Curl_conn_cf_add
001444d8 0000002c T Curl_conn_cf_insert_after
00144504 000000a8 T Curl_conn_cf_discard_sub
001445ac 00000028 T Curl_conn_cf_connect
001445d4 00000014 T Curl_conn_cf_close
001445e8 00000014 T Curl_conn_cf_get_select_socks
001445fc 00000038 T Curl_conn_cf_send
00144634 00000038 T Curl_conn_cf_recv
0014466c 000000e0 T Curl_conn_connect
0014474c 00000018 T Curl_conn_is_connected
00144764 00000050 T Curl_conn_is_ip_connected
001447b4 00000040 T Curl_conn_cf_is_ssl
001447f4 00000050 T Curl_conn_is_ssl
00144844 00000050 T Curl_conn_is_multiplex
00144894 0000004c T Curl_conn_data_pending
001448e0 00000058 T Curl_conn_get_select_socks
00144938 00000060 T Curl_conn_get_host
00144998 00000088 T Curl_conn_cf_cntrl
00144a20 00000050 T Curl_conn_cf_get_socket
00144a70 00000074 T Curl_conn_get_socket
00144ae4 00000024 T Curl_conn_ev_data_attach
00144b08 00000024 T Curl_conn_ev_data_detach
00144b2c 00000028 T Curl_conn_ev_data_setup
00144b54 00000028 T Curl_conn_ev_data_idle
00144b7c 0000002c T Curl_conn_ev_data_done_send
00144ba8 00000028 T Curl_conn_ev_data_done
00144bd0 00000028 T Curl_conn_ev_data_pause
00144bf8 00000030 T Curl_conn_ev_update_info
00144c28 00000038 T Curl_conn_is_alive
00144c60 00000010 t free_bundle_hash_entry
00144c70 0000006c t hashkey.constprop.0
00144cdc 0000006c T Curl_conncache_init
00144d48 0000000c T Curl_conncache_destroy
00144d54 00000058 T Curl_conncache_size
00144dac 00000060 T Curl_conncache_find_bundle
00144e0c 00000124 T Curl_conncache_add_conn
00144f30 00000148 T Curl_conncache_remove_conn
00145078 000000d8 T Curl_conncache_foreach
00145150 00000104 T Curl_conncache_extract_bundle
00145254 00000180 T Curl_conncache_extract_oldest
001453d4 000000f0 T Curl_conncache_return_conn
001454c4 000000ec T Curl_conncache_close_all_connections
001455b0 0000002c t conn_is_conn
001455dc 000000e0 t eyeballer_new
001456bc 00000070 t cf_he_data_pending
0014572c 0000005c t cf_setup_destroy
00145788 000000ac t cf_he_get_select_socks
00145834 00000088 t cf_setup_close
001458bc 000000a0 t cf_setup_create.isra.0
0014595c 00000404 t cf_setup_connect
00145d60 000000e0 t get_max_baller_time.isra.0
00145e40 00000160 t cf_he_query
00145fa0 0000009c t cf_he_ctx_clear.isra.0
0014603c 00000098 t cf_he_close
001460d4 00000074 t cf_he_destroy
00146148 00000290 t baller_start.isra.0
001463d8 00000184 T Curl_timeleft
00146560 00000a4c t cf_he_connect
00146fac 00000110 T Curl_persistconninfo
001470bc 0000006c T Curl_addr2string
00147128 000000f0 T Curl_getconnectinfo
00147218 00000060 T Curl_conncontrol
00147278 00000040 T Curl_cf_setup_insert_after
001472b8 00000094 T Curl_conn_setup
0014734c 00000018 t zalloc_cb
00147364 00000014 t zfree_cb
00147378 00000008 t identity_init_writer
00147380 00000004 t identity_close_writer
00147384 000000f0 t check_gzip_header.part.0
00147474 00000008 t error_init_writer
0014747c 00000004 t error_close_writer
00147480 0000003c t identity_unencode_write
001474bc 00000080 t deflate_init_writer
0014753c 00000088 t gzip_close_writer
001475c4 00000088 t deflate_close_writer
0014764c 000000b4 t exit_zlib
00147700 000000c8 t gzip_init_writer
001477c8 0000032c t inflate_stream
00147af4 00000080 t deflate_unencode_write
00147b74 000002f8 t gzip_unencode_write
00147e6c 00000100 T Curl_all_content_encodings
00147f6c 0000004c t error_unencode_write
00147fb8 0000003c T Curl_unencode_write
00147ff4 00000210 T Curl_build_unencoding_stack
00148204 0000005c t freecookie
00148260 00000020 t cookie_sort_ct
00148280 000000e4 t remove_expired
00148364 00000138 t cookie_sort
0014849c 00000068 t cookie_tailmatch
00148504 000000f0 t get_netscape_format
001485f4 000000c0 t cookiehash
001486b4 000000f4 t sanitize_cookie_path
001487a8 00001370 T Curl_cookie_add
00149b18 0000025c T Curl_cookie_init
00149d74 00000094 T Curl_cookie_loadfiles
00149e08 00000428 T Curl_cookie_getlist
0014a230 0000004c T Curl_cookie_clearall
0014a27c 00000024 T Curl_cookie_freelist
0014a2a0 00000080 T Curl_cookie_clearsess
0014a320 00000054 T Curl_cookie_cleanup
0014a374 000000d8 T Curl_cookie_list
0014a44c 00000390 T Curl_flush_cookies
0014a7dc 00000098 T Curl_get_line
0014a874 0000003c T Curl_memrchr
0014a8b0 000000b8 t Curl_debug.part.0
0014a968 00000010 T Curl_debug
0014a978 000000b4 T Curl_failf
0014aa2c 00000088 T Curl_infof
0014aab4 000000bc T Curl_trc_cf_infof
0014ab70 00000008 T Curl_trc_init
0014ab78 000000b8 t unescape_word
0014ac30 000000c0 t sendf
0014acf0 00000490 t dict_do
0014b180 00000114 t dyn_nappend
0014b294 00000018 T Curl_dyn_init
0014b2ac 00000030 T Curl_dyn_free
0014b2dc 00000020 T Curl_dyn_reset
0014b2fc 00000074 T Curl_dyn_tail
0014b370 00000004 T Curl_dyn_addn
0014b374 00000028 T Curl_dyn_add
0014b39c 00000018 T Curl_dyn_vaddf
0014b3b4 00000038 T Curl_dyn_addf
0014b3ec 00000008 T Curl_dyn_ptr
0014b3f4 00000008 T Curl_dyn_uptr
0014b3fc 00000008 T Curl_dyn_len
0014b404 00000024 T Curl_dyn_setlen
0014b428 00000034 t file_setup_connection
0014b45c 00000054 t file_done
0014b4b0 000007a8 t file_do
0014bc58 00000054 t file_disconnect
0014bcac 00000134 t file_connect
0014bde0 0000017c T Curl_fopen
0014bf5c 00000098 t freedirs
0014bff4 00000030 t ftp_multi_statemach
0014c024 00000090 t ftp_domore_getsock
0014c0b4 00000008 t ftp_getsock
0014c0bc 0000021c t ftp_state_retr
0014c2d8 0000009c t ftp_state_use_pasv
0014c374 000000d4 t ftp_epsv_disable
0014c448 00000244 t ftp_state_ul_setup
0014c68c 000006c4 t ftp_state_use_port
0014cd50 000004c8 t ftp_state_pasv_resp
0014d218 000000a8 t ftp_timeleft_accept
0014d2c0 00000140 t AcceptServerConnect
0014d400 00000100 t InitiateTransfer
0014d500 00000034 t wc_data_dtor
0014d534 000003c0 t ftp_parse_url_path
0014d8f8 00000180 t ftp_setup_connection
0014da78 00000078 t ftp_endofresp
0014daf0 0000015c t ftp_disconnect
0014dc4c 00000098 t ftp_state_size
0014dce4 0000006c t ftp_state_type
0014dd50 00000068 t ftp_state_mdtm
0014ddb8 000002d8 t ftp_state_quote
0014e090 000000dc t ftp_state_prepare_transfer
0014e16c 000002a0 t ftp_state_type_resp
0014e40c 0000006c t ftp_nb_type
0014e478 0000006c t ftp_state_loggedin
0014e4e4 000000a8 t ftp_doing
0014e58c 000000d0 t ftp_connect
0014e65c 0000020c T Curl_GetFTPResponse
0014e868 00000198 t ReceivedServerConnect
0014ea00 000000ec t AllowServerConnect
0014eaec 00001558 t ftp_statemachine
00150044 000002e8 t ftp_do_more
0015032c 00000744 t ftp_do
00150a70 000007b8 t ftp_done
00151228 00000008 t fileinfo_dtor
00151230 00000124 t ftp_pl_insert_finfo
00151354 00000028 T Curl_wildcard_init
0015137c 00000088 T Curl_wildcard_dtor
00151404 00000018 T Curl_ftp_parselist_data_alloc
0015141c 0000003c T Curl_ftp_parselist_data_free
00151458 00000008 T Curl_ftp_parselist_geterror
00151460 00000e68 T Curl_ftp_parselist
001522c8 00000038 T curl_getenv
00152300 00000008 t gopher_connect
00152308 0000026c t gopher_do
00152574 00000044 t gopher_connecting
001525b8 00000048 t hash_element_dtor
00152600 00000028 T Curl_hash_init
00152628 00000154 T Curl_hash_add
0015277c 000000a0 T Curl_hash_delete
0015281c 00000080 T Curl_hash_pick
0015289c 0000006c T Curl_hash_destroy
00152908 000000c0 T Curl_hash_clean_with_criterium
001529c8 0000000c T Curl_hash_clean
001529d4 0000004c T Curl_hash_str
00152a20 00000030 T Curl_str_key_compare
00152a50 00000010 T Curl_hash_start_iterate
00152a60 00000084 T Curl_hash_next_element
00152ae4 00000314 T Curl_headers_push
00152df8 00000050 T Curl_headers_cleanup
00152e48 00000060 t hostcache_timestamp_remove
00152ea8 0000003c t freednsentry
00152ee4 00000090 t create_hostcache_id.constprop.0
00152f74 000001a0 t fetch_addr
00153114 00000034 T Curl_printable_address
00153148 000000d8 T Curl_hostcache_prune
00153220 00000068 T Curl_fetch_addr
00153288 00000268 T Curl_cache_addr
001534f0 0000002c T Curl_host_is_ipnum
0015351c 00000408 T Curl_resolv
00153924 00000088 T Curl_resolv_timeout
001539ac 000000bc T Curl_resolv_unlock
00153a68 00000030 T Curl_init_dnscache
00153a98 00000064 T Curl_hostcache_clean
00153b00 000004f0 T Curl_loadhostpairs
00153ff0 0000001c T Curl_resolv_check
0015400c 00000008 T Curl_resolv_getsock
00154014 00000064 T Curl_once_resolved
00154078 00000010 T Curl_ipvalid
00154088 0000007c T Curl_ipv4_resolve_r
00154104 00000068 T Curl_getaddrinfo
0015416c 0000009c t pickoneauth
00154208 000000b0 t http_should_fail
001542b8 00000020 t http_getsock_do
001542d8 00000068 t http_setup_conn
00154340 00000130 t readmoredata
00154470 00000228 t http_perhapsrewind
00154698 00000030 T Curl_http_connect
001546c8 000000dc T Curl_http_done
001547a4 000000a8 t checkhttpprefix.isra.0
0015484c 00000060 t checkprotoprefix.isra.0
001548ac 00000074 T Curl_checkProxyheaders
00154920 000004a0 t output_auth_headers
00154dc0 0000010c T Curl_copy_header_value
00154ecc 00000334 T Curl_http_auth_act
00155200 00000188 T Curl_http_output_auth
00155388 0000034c T Curl_http_input_auth
001556d4 000002c0 T Curl_buffer_send
00155994 000000d4 T Curl_compareheader
00155a68 000000dc t expect100
00155b44 000000e4 T Curl_http_compile_trailers
00155c28 00000364 T Curl_dynhds_add_custom
00155f8c 0000038c T Curl_add_custom_headers
00156318 0000012c T Curl_add_timecondition
00156444 000000d0 T Curl_http_method
00156514 0000021c T Curl_http_host
00156730 00000238 T Curl_http_target
00156968 000002bc T Curl_http_body
00156c24 00000818 T Curl_http_bodysend
0015743c 0000037c T Curl_http_cookies
001577b8 00000144 T Curl_http_range
001578fc 000001b0 T Curl_http_resume
00157aac 00000174 T Curl_http_firstwrite
00157c20 000000dc T Curl_transferencode
00157cfc 0000072c T Curl_http
00158428 000008c8 T Curl_http_header
00158cf0 00000180 T Curl_http_statusline
00158e70 00000090 T Curl_http_size
00158f00 0000007c T Curl_bump_headersize
00158f7c 00000c9c T Curl_http_readwrite_headers
00159c18 00000058 T Curl_http_req_free
00159c70 00000174 T Curl_http_req_make
00159de4 0000003c t compare_func
00159e20 00000074 t calc_payload_hash
00159e94 000011d8 T Curl_output_aws_sigv4
0015b06c 00000018 T Curl_httpchunk_init
0015b084 00000398 T Curl_httpchunk_read
0015b41c 00000024 T Curl_chunked_strerror
0015b440 000001a0 T Curl_input_ntlm
0015b5e0 000002b8 T Curl_output_ntlm
0015b898 0000001c T Curl_http_auth_cleanup_ntlm
0015b8b4 0000005c t http_proxy_cf_destroy
0015b910 000000d4 t http_proxy_cf_close
0015b9e4 000001ac t http_proxy_cf_connect
0015bb90 00000054 T Curl_cf_http_proxy_get_host
0015bbe4 000000a8 T Curl_http_proxy_get_destination
0015bc8c 00000248 T Curl_http_proxy_create_CONNECT
0015bed4 00000080 T Curl_cf_http_proxy_insert_after
0015bf54 00000034 T Curl_is_ASCII_name
0015bf88 00000014 T Curl_idnconvert_hostname
0015bf9c 00000008 T Curl_if2ip
0015bfa4 00000044 t imap_setup_connection
0015bfe8 00000070 t imap_is_bchar
0015c058 00000154 t imap_sendf
0015c1ac 00000008 t imap_getsock
0015c1b4 000000a0 t imap_multi_statemach
0015c254 000000ec t imap_get_message
0015c340 00000014 t imap_cancel_authenticate
0015c354 000001cc t imap_done
0015c520 00000034 t imap_continue_authenticate
0015c554 000000ec t imap_perform_fetch
0015c640 000000bc t imap_matchresp
0015c6fc 00000374 t imap_endofresp
0015ca70 000000f8 t imap_perform_upgrade_tls
0015cb68 0000012c t imap_atom
0015cc94 000000c4 t imap_perform_list
0015cd58 0000023c t imap_connect
0015cf94 00000044 t imap_perform_authenticate
0015cfd8 000000b4 t imap_perform_login
0015d08c 000000e4 t imap_perform_authentication
0015d170 000008c0 t imap_do
0015da30 000000d8 t imap_disconnect
0015db08 0000098c t imap_statemachine
0015e494 000000e4 t imap_doing
0015e578 00000010 t my_md5_final
0015e588 00000004 t my_md5_update
0015e58c 00000018 t my_md5_init
0015e5a4 00000058 T Curl_md5it
0015e5fc 00000094 T Curl_MD5_init
0015e690 0000001c T Curl_MD5_update
0015e6ac 00000044 T Curl_MD5_final
0015e6f0 00000010 t mqtt_getsock
0015e700 00000094 t mqtt_send
0015e794 00000090 t mqtt_recv_atleast
0015e824 00000034 t mqtt_done
0015e858 00000428 t mqtt_do
0015ec80 00000048 t mqtt_setup_conn
0015ecc8 00000090 t mqtt_get_topic.constprop.0
0015ed58 00000954 t mqtt_doing
0015f6ac 00000508 t parsenetrc
0015fbb4 000000ac T Curl_parsenetrc
0015fc60 00000044 T curlx_nonblock
0015fca4 000003c0 T Curl_check_noproxy
00160064 000000c0 T Curl_pp_state_timeout
00160124 00000210 T Curl_pp_statemach
00160334 00000048 T Curl_pp_init
0016037c 0000000c T Curl_pp_setup
00160388 0000013c T Curl_pp_vsendf
001604c4 0000002c T Curl_pp_sendf
001604f0 00000374 T Curl_pp_readresp
00160864 00000020 T Curl_pp_getsock
00160884 00000090 T Curl_pp_flushsend
00160914 00000030 T Curl_pp_disconnect
00160944 00000034 T Curl_pp_moredata
00160978 00000044 t pop3_setup_connection
001609bc 00000014 t pop3_cancel_auth
001609d0 00000008 t pop3_getsock
001609d8 0000009c t pop3_multi_statemach
00160a74 0000006c t pop3_done
00160ae0 000000ec t pop3_get_message
00160bcc 00000034 t pop3_continue_auth
00160c00 00000060 t pop3_perform_auth
00160c60 000000e0 t pop3_endofresp
00160d40 00000100 t pop3_perform_upgrade_tls
00160e40 00000234 t pop3_connect
00161074 000000e0 t pop3_perform_apop.part.0
00161154 000000c8 t pop3_disconnect
0016121c 000001d8 t pop3_do
001613f4 00000158 t pop3_perform_authentication
0016154c 0000009c t pop3_doing
001615e8 00000218 T Curl_pop3_write
00161800 000007a4 t pop3_statemachine
00161fa4 00000010 t rtsp_getsock_do
00161fb4 00000014 t rtsp_disconnect
00161fc8 0000003c t rtsp_connect
00162004 000000b0 t rtsp_done
001620b4 00000050 t rtsp_setup_connection
00162104 00000a94 t rtsp_do
00162b98 00000034 t rtsp_conncheck
00162bcc 000002a4 t rtsp_rtp_readwrite
00162e70 00000358 T Curl_rtsp_parseheader
001631c8 00000014 t my_sha256_init
001631dc 00000004 t my_sha256_update
001631e0 00000010 t my_sha256_final
001631f0 00000050 T Curl_sha256it
00163240 0000004c t smb_disconnect
0016328c 00000014 t smb_getsock
001632a0 00000020 t smb_do
001632c0 000000e4 t smb_connect
001633a4 00000144 t smb_setup_connection
001634e8 000001c0 t smb_send_and_recv.constprop.0
001636a8 000000b4 t smb_format_message.isra.0
0016375c 0000008c t smb_send_message.part.0
001637e8 000000e4 t smb_send_open
001638cc 00000134 t smb_send_tree_connect
00163a00 000001f4 t smb_send_setup
00163bf4 0000020c t smb_connection_state
00163e00 00000764 t smb_request_state
00164564 00000044 t smtp_setup_connection
001645a8 00000014 t smtp_cancel_auth
001645bc 00000008 t smtp_getsock
001645c4 0000009c t smtp_multi_statemach
00164660 000000ec t smtp_get_message
0016474c 00000034 t smtp_continue_auth
00164780 00000060 t smtp_perform_auth
001647e0 000000a8 t smtp_perform_authentication
00164888 000001cc t smtp_done
00164a54 00000108 t smtp_endofresp
00164b5c 0000009c t smtp_parse_address.constprop.0
00164bf8 000000c4 t smtp_perform_rcpt_to
00164cbc 00000214 t smtp_perform_command
00164ed0 000005dc t smtp_do
001654ac 00000070 t smtp_parse_url_path.isra.0
0016551c 00000160 t smtp_connect
0016567c 000000c8 t smtp_disconnect
00165744 000000fc t smtp_perform_upgrade_tls
00165840 00000924 t smtp_statemachine
00166164 000000e8 t smtp_doing
0016624c 00000244 T Curl_smtp_escape_eob
00166490 00000054 t socks_proxy_cf_close
001664e4 00000030 t socks_proxy_cf_destroy
00166514 00000090 t socks_cf_get_select_socks
001665a4 00000058 t socks_cf_get_host
001665fc 000000a8 t socks_state_recv.isra.0
001666a4 000000a8 t socks_state_send.isra.0
0016674c 000011ac t socks_proxy_cf_connect
001678f8 0000004c T Curl_cf_socks_proxy_insert_after
00167944 0000001c T curl_easy_strerror
00167960 0000001c T curl_url_strerror
0016797c 000000e8 T Curl_strerror
00167a64 00000034 t telnet_done
00167a98 0000016c t send_telnet_data
00167c04 00000548 t printsub.part.0
0016814c 000000f0 t printoption.part.0
0016823c 0000008c t send_negotiation
001682c8 00000158 t sendsuboption
00168420 000002d0 t suboption
001686f0 00000eec t telnet_do
001695dc 00000050 t tftp_disconnect
0016962c 00000010 t tftp_getsock
0016963c 0000016c t tftp_set_timeouts
001697a8 000002f0 t tftp_rx
00169a98 00000064 t tftp_connect_for_rx
00169afc 00000364 t tftp_tx
00169e60 00000064 t tftp_connect_for_tx
00169ec4 000001a8 t tftp_connect
0016a06c 0000008c t tftp_setup_connection
0016a0f8 0000009c t tftp_translate_code.part.0
0016a194 0000004c t tftp_done
0016a1e0 0000047c t tftp_send_first
0016a65c 00000094 t tftp_state_machine
0016a6f0 000005ec t tftp_multi_statemach
0016acdc 00000074 t tftp_doing
0016ad50 000000a8 t tftp_do
0016adf8 00000008 T Curl_auth_is_ntlm_supported
0016ae00 000001e4 T Curl_auth_decode_ntlm_type2_message
0016afe4 000000e0 T Curl_auth_create_ntlm_type1_message
0016b0c4 0000059c T Curl_auth_create_ntlm_type3_message
0016b660 0000002c T Curl_auth_cleanup_ntlm
0016b68c 00000004 t mbedtls_close_all
0016b690 00000008 t mbedtls_init
0016b698 00000004 t mbedtls_cleanup
0016b69c 0000000c t mbedtls_get_internals
0016b6a8 00000048 t mbed_send
0016b6f0 00000058 t mbed_recv
0016b748 0000001c t mbedtls_sha256sum
0016b764 00000024 t mbedtls_session_free
0016b788 00000078 t mbedtls_close
0016b800 000000e4 t mbedtls_random
0016b8e4 000000f4 t mbedtls_bio_cf_read
0016b9d8 000000ac t mbedtls_bio_cf_write
0016ba84 00000f70 t mbed_connect_common
0016c9f4 0000000c t mbedtls_connect_nonblocking
0016ca00 0000001c t mbedtls_connect
0016ca1c 00000020 t mbedtls_data_pending
0016ca3c 00000050 t mbedtls_version
0016ca8c 00000008 T Curl_conn_may_http3
0016ca94 0000007c t cf_h1_proxy_get_select_socks
0016cb10 000002f4 t h1_tunnel_go_state
0016ce04 00000094 t cf_h1_proxy_close
0016ce98 00000e90 t cf_h1_proxy_connect
0016dd28 000000a8 t cf_h1_proxy_destroy
0016ddd0 0000004c T Curl_cf_h1_proxy_insert_after
0016de1c 00000088 t cf_haproxy_close
0016dea4 00000060 t cf_haproxy_get_select_socks
0016df04 000001bc t cf_haproxy_connect
0016e0c0 00000078 t cf_haproxy_destroy
0016e138 000000a8 T Curl_cf_haproxy_insert_after
0016e1e0 000001b0 t cf_hc_get_select_socks
0016e390 00000158 t cf_get_max_baller_time.isra.0
0016e4e8 0000008c t cf_hc_query
0016e574 000000cc t cf_hc_data_pending
0016e640 00000090 t cf_hc_reset.isra.0
0016e6d0 00000070 t cf_hc_destroy
0016e740 00000090 t cf_hc_close
0016e7d0 000002b0 t baller_connected
0016ea80 000006e4 t cf_hc_connect
0016f164 0000013c T Curl_cf_https_setup
0016f2a0 00000024 t cf_socket_get_host
0016f2c4 00000030 t cf_socket_get_select_socks
0016f2f4 0000001c t cf_tcp_accept_connect
0016f310 00000070 t socket_open
0016f380 000000f0 t cf_socket_query
0016f470 00000180 t cf_socket_conn_is_alive
0016f5f0 000000fc t conn_set_primary_ip
0016f6ec 00000100 t nw_in_read
0016f7ec 0000033c t cf_socket_recv
0016fb28 00000124 t cf_socket_send
0016fc50 00000050 t cf_socket_data_pending
0016fca0 00000098 t socket_close
0016fd38 000001c0 t cf_socket_close
0016fef8 00000078 t cf_socket_destroy
0016ff70 00000080 t socket_connect_result
0016fff0 000003ec t bindlocal.constprop.0
001703dc 000000f0 t set_accepted_remote_ip.isra.0
001704cc 000000f0 t set_local_ip.isra.0
001705bc 000002b8 t cf_socket_open
00170878 0000025c t cf_tcp_connect
00170ad4 00000234 t cf_udp_connect
00170d08 000000a8 t cf_socket_cntrl
00170db0 00000060 T Curl_sock_assign_addr
00170e10 00000080 T Curl_socket_open
00170e90 00000028 T Curl_socket_close
00170eb8 000000f0 T Curl_cf_tcp_create
00170fa8 000000f0 T Curl_cf_udp_create
00171098 000000f0 T Curl_cf_unix_create
00171188 0000015c T Curl_conn_tcp_listen_set
001712e4 000000fc T Curl_conn_tcp_accepted_set
001713e0 00000030 T Curl_freeaddrinfo
00171410 000001b4 T Curl_getaddrinfo_ex
001715c4 0000011c T Curl_he2ai
001716e0 000000fc T Curl_ip2addr
001717dc 00000048 T Curl_str2addr
00171824 00000008 T Curl_read16_le
0017182c 00000008 T Curl_read32_le
00171834 00000010 T Curl_read16_be
00171844 00000044 T Curl_fnmatch
00171888 00000044 T Curl_gethostname
001718cc 000000c4 t encrypt_des.isra.0
00171990 00000044 T Curl_ntlm_core_lm_resp
001719d4 0000007c T Curl_ntlm_core_mk_lm_hash
00171a50 000000c4 T Curl_ntlm_core_mk_nt_hash
00171b14 00000110 T Curl_ntlm_core_mk_ntlmv2_hash
00171c24 000001bc T Curl_ntlm_core_mk_ntlmv2_resp
00171de0 00000098 T Curl_ntlm_core_mk_lmv2_resp
00171e78 0000014c T Curl_range
00171fc4 000000a4 t get_server_message
00172068 000000c0 t build_message.isra.0
00172128 00000010 T Curl_sasl_cleanup
00172138 000000b4 T Curl_sasl_decode_mech
001721ec 000000a0 T Curl_sasl_parse_url_auth_option
0017228c 00000094 T Curl_sasl_init
00172320 00000024 T Curl_sasl_can_authenticate
00172344 00000470 T Curl_sasl_start
001727b4 00000454 T Curl_sasl_continue
00172c08 00000070 t skipqname
00172c78 000000c0 t doh_done
00172d38 0000002c t doh_write_cb
00172d64 000007b0 T Curl_doh
00173514 00000c30 T Curl_doh_is_resolved
00174144 00000020 T Curl_dynhds_init
00174164 00000074 T Curl_dynhds_free
001741d8 00000184 T Curl_dynhds_add
0017435c 0000004c T Curl_dynhds_cadd
001743a8 00000200 T Curl_dynhds_h1_add_line
001745a8 00000030 T Curl_dynhds_h1_cadd_line
001745d8 00000088 T Curl_dynhds_h1_dprint
00174660 00000018 T Curl_fileinfo_alloc
00174678 0000002c T Curl_fileinfo_cleanup
001746a4 00000004 t fseeko_wrapper
001746a8 00000088 t setname
00174730 000002ec t Curl_getformdata.part.0
00174a1c 00000044 T Curl_getformdata
00174a60 00000168 T Curl_HMAC_init
00174bc8 0000001c T Curl_HMAC_update
00174be4 0000006c T Curl_HMAC_final
00174c50 0000006c T Curl_hmacit
00174cbc 000000ac T Curl_h1_req_write_head
00174d68 0000071c t body
00175488 00000290 T Curl_md4it
00175718 00000100 T Curl_auth_create_plain_message
00175818 0000002c T Curl_auth_create_login_message
00175844 0000002c T Curl_auth_create_external_message
00175870 00000150 T Curl_auth_create_cram_md5_message
001759c0 0000008c T Curl_auth_create_oauth_bearer_message
00175a4c 00000058 T Curl_auth_create_xoauth_bearer_message
00175aa4 00000100 t prune_head
00175ba4 00000164 t get_non_full_tail
00175d08 00000028 T Curl_bufq_init
00175d30 00000074 T Curl_bufq_free
00175da4 00000044 T Curl_bufq_reset
00175de8 0000002c T Curl_bufq_is_empty
00175e14 000000f4 T Curl_bufq_read
00175f08 000000a4 T Curl_bufq_sipn
00175fac 000000b4 T Curl_bufq_slurp
00176060 0000065c t swap_bytes
001766bc 0000017c t conv_s16_to_s32
00176838 00000298 t cap_fit
00176ad0 000001a8 t enc_chan_fit
00176c78 0000006c T mpg123_encsize
00176ce4 00000c44 T INT123_frame_output_format
00177928 00000070 T mpg123_format_none
00177998 000001ec T mpg123_fmt_all
00177b84 000003cc T mpg123_fmt2
00177f50 0000004c T mpg123_format
00177f9c 00000014 T INT123_invalidate_format
00177fb0 0000003c T INT123_decoder_synth_bytes
00177fec 0000003c T INT123_samples_to_bytes
00178028 0000005c T INT123_outblock_bytes
00178084 0000170c T INT123_postprocess_buffer
00179790 000000f0 t decode_the_frame
00179880 000001ac t frame_buffercheck.part.0.constprop.0
00179a2c 00000008 T mpg123_init
00179a34 00000004 T mpg123_exit
00179a38 00000080 T mpg123_parnew
00179ab8 00000014 T mpg123_new
00179acc 00000210 T INT123_decode_update
00179cdc 00000284 t get_next_frame
00179f60 0000005c T mpg123_feed
00179fbc 00000244 T mpg123_decode
0017a200 00000030 T mpg123_read
0017a230 00000080 T mpg123_getformat
0017a2b0 00000060 T mpg123_close
0017a310 00000024 T mpg123_open_feed
0017a334 00000024 T mpg123_delete
0017a358 0000017c t fi_shrink
0017a4d8 00000038 T INT123_fi_init
0017a510 00000058 T INT123_fi_exit
0017a568 00000130 T INT123_fi_resize
0017a698 000000bc T INT123_fi_add
0017a758 00000028 T INT123_fi_reset
0017a780 0000000c T INT123_init_icy
0017a78c 00000024 T INT123_clear_icy
0017a7b0 00000024 T INT123_reset_icy
0017a7d4 00000290 T INT123_synth_ntom_set_step
0017aa64 00000150 T INT123_ntom_set_ntom
0017abb4 00000030 T INT123_ntom_frame_outsamples
0017abe4 00000100 T INT123_ntom_frmouts
0017ace4 000000bc T INT123_ntom_ins2outs
0017ada0 00000124 T INT123_ntom_frameoff
0017aec4 00000014 T mpg123_init_string
0017aed8 00000030 T mpg123_free_string
0017af08 00000060 T mpg123_grow_string
0017af68 00000080 T mpg123_move_string
0017afe8 00000040 T mpg123_same_string
0017b028 00000014 T INT123_safe_realloc
0017b03c 00000724 t decode_header
0017b760 00000098 t forget_head_shift
0017b7f8 000000b0 t getbits.constprop.0
0017b8a8 00000018 T INT123_frame_freq
0017b8c0 00002078 T INT123_read_frame
0017d938 0000009c T INT123_set_pointer
0017d9d8 000001d4 t frame_fixed_reset
0017dbb0 00000188 t frame_fuzzy_find.constprop.0
0017dd38 000000e8 T INT123_frame_outbuffer
0017de20 000000b4 T INT123_frame_index_setup
0017ded8 0000022c T INT123_frame_init_par
0017e104 00000160 T INT123_frame_buffers
0017e268 000000a0 T INT123_frame_buffers_reset
0017e308 00000044 T INT123_frame_fill_toc
0017e34c 00000044 T INT123_frame_reset
0017e390 000000f0 T INT123_frame_exit
0017e480 00000148 T INT123_frame_index_find
0017e5c8 000000ac T INT123_frame_ins2outs
0017e674 000000b0 T INT123_frame_outs
0017e724 00000098 T INT123_frame_expect_outsamples
0017e7bc 000000ac T INT123_frame_offset
0017e868 000000a4 T INT123_frame_gapless_init
0017e90c 00000080 T INT123_frame_gapless_realinit
0017e98c 0000017c T INT123_frame_set_frameseek
0017eb08 0000001c T INT123_frame_skip
0017eb28 00000178 T INT123_do_rva
0017eca0 000001d4 t next_text
0017ee74 00000218 t promote_framename
0017f08c 000006bc t convert_utf16bom
0017f748 000002d0 t convert_latin1
0017fa18 00000048 t convert_utf8
0017fa60 000003f0 t add_id3_text
0017fe50 00000058 T INT123_init_id3
0017fea8 000002b0 T INT123_exit_id3
00180158 00000060 T INT123_reset_id3
001801b8 0000028c T INT123_id3_to_utf8
00180444 0000011c t store_id3_text.part.0
00180560 00000134 T store_id3v2
00180694 00002334 T INT123_parse_new_id3
001829c8 00000048 t synth_stereo_wrap
00182a10 00000008 T INT123_defdec
00182a18 00000020 T INT123_decclass
00182a38 00000328 T INT123_set_synth_functions
00182d60 000002b0 T INT123_frame_cpu_opt
00183010 0000000c t nix_lseek
0018301c 000000b4 t plain_fullread
001830d0 0000004c t generic_head_read
0018311c 0000004c t generic_head_shift
00183168 00000030 t generic_read_frame_body
00183198 00000068 t generic_tell
00183200 0000006c t feed_skip_bytes
0018326c 00000008 t feed_seek_frame
00183274 00000018 t bad_init
0018328c 00000004 t bad_close
00183290 00000018 t bad_fullread
001832a8 00000018 t bad_head_read
001832c0 0000001c t bad_skip_bytes
001832dc 00000018 t bad_back_bytes
001832f4 0000001c t bad_tell
00183310 00000038 t plain_read
00183348 00000130 t bc_give
00183478 00000030 t feed_read
001834a8 00000130 t bc_add
001835d8 000003d8 t icy_fullread
001839b0 000001ac t buffered_fullread
00183b5c 00000124 t stream_seek_frame
00183c80 00000004 t posix_lseek
00183c84 00000004 t posix_read
00183c88 000000fc t buffered_forget
00183d84 00000058 t io_seek
00183ddc 00000138 t stream_skip_bytes
00183f14 00000060 t stream_back_bytes
00183f78 000002d8 t default_init
00184250 00000018 t bad_read_frame_body
00184268 00000018 t bad_seek_frame
00184280 00000018 t bad_head_shift
00184298 00000004 t bad_rewind
0018429c 0000008c t stream_rewind
00184328 000001e0 t bc_fill_pool.isra.0
00184508 00000050 t feed_init
00184558 0000008c t bc_reset
001845e4 0000007c t stream_close
00184660 00000090 t feed_back_bytes
001846f0 00000038 T INT123_bc_prepare
00184728 00000104 T INT123_bc_cleanup
0018482c 00000070 T INT123_feed_more
0018489c 0000005c T INT123_open_bad
001848f8 0000009c T INT123_open_feed
00184998 000002d8 T INT123_make_decode_tables
00184c70 00000b34 T INT123_make_conv16to8_table
001857a4 000000b4 t getbits
00185858 000020d8 T INT123_do_layer1
00187930 000000b4 t getbits
001879e4 000000ec T INT123_init_layer12_stuff
00187ad0 0000002c T INT123_init_layer12_table
00187afc 00001f08 T INT123_do_layer2
00189a04 000002a0 t III_get_scale_factors_2
00189ca4 0000045c t dct12
0018a100 000000b4 t getbits
0018a1b8 00001ab0 t III_dequantize_sample
0018bc68 000012d4 t III_get_scale_factors_1.isra.0
0018cf40 00000030 T INT123_init_layer3_gainpow2
0018cf70 00000430 T INT123_init_layer3_stuff
0018d3a0 00000594 T INT123_dct36
0018d938 0000368c T INT123_do_layer3
00190fc4 0000044c T INT123_synth_1to1_8bit
00191410 000000ac T INT123_synth_1to1_8bit_mono
001914bc 00000090 T INT123_synth_1to1_8bit_m2s
0019154c 0000010c T INT123_synth_1to1_8bit_wrap
00191658 000000f4 T INT123_synth_1to1_8bit_wrap_mono
0019174c 0000016c T INT123_synth_1to1_8bit_wrap_m2s
001918b8 0000044c T INT123_synth_2to1_8bit
00191d04 000000cc T INT123_synth_2to1_8bit_mono
00191dd0 000000b4 T INT123_synth_2to1_8bit_m2s
00191e84 00000658 T INT123_synth_4to1_8bit
001924dc 0000008c T INT123_synth_4to1_8bit_mono
00192568 00000074 T INT123_synth_4to1_8bit_m2s
001925dc 000009ec T INT123_synth_ntom_8bit
00192fc8 00000178 T INT123_synth_ntom_8bit_mono
00193140 00000120 T INT123_synth_ntom_8bit_m2s
00193260 00000424 T INT123_synth_1to1
00193684 000000ac T INT123_synth_1to1_mono
00193730 00000090 T INT123_synth_1to1_m2s
001937c0 00000424 T INT123_synth_2to1
00193be4 000000cc T INT123_synth_2to1_mono
00193cb0 000000b4 T INT123_synth_2to1_m2s
00193d64 000008fc T INT123_synth_4to1
00194660 0000008c T INT123_synth_4to1_mono
001946ec 00000074 T INT123_synth_4to1_m2s
00194760 00000e80 T INT123_synth_ntom
001955e0 00000160 T INT123_synth_ntom_mono
00195740 00000138 T INT123_synth_ntom_m2s
00195878 00000428 T INT123_synth_1to1_s32
00195ca0 000000ac T INT123_synth_1to1_s32_mono
00195d4c 000000a4 T INT123_synth_1to1_s32_m2s
00195df0 00000428 T INT123_synth_2to1_s32
00196218 000000cc T INT123_synth_2to1_s32_mono
001962e4 000000b4 T INT123_synth_2to1_s32_m2s
00196398 00000924 T INT123_synth_4to1_s32
00196cbc 0000008c T INT123_synth_4to1_s32_mono
00196d48 00000074 T INT123_synth_4to1_s32_m2s
00196dc0 00000e64 T INT123_synth_ntom_s32
00197c24 00000160 T INT123_synth_ntom_s32_mono
00197d84 0000014c T INT123_synth_ntom_s32_m2s
00197ed0 0000036c T INT123_synth_1to1_real
0019823c 000000ac T INT123_synth_1to1_real_mono
001982e8 000000a8 T INT123_synth_1to1_real_m2s
00198390 00000368 T INT123_synth_2to1_real
001986f8 000000cc T INT123_synth_2to1_real_mono
001987c4 000000b4 T INT123_synth_2to1_real_m2s
00198878 0000077c T INT123_synth_4to1_real
00198ff4 0000008c T INT123_synth_4to1_real_mono
00199080 00000074 T INT123_synth_4to1_real_m2s
001990f4 000006a4 T INT123_synth_ntom_real
00199798 00000164 T INT123_synth_ntom_real_mono
001998fc 00000150 T INT123_synth_ntom_real_m2s
00199a4c 00000004 T INT123_compat_close
00199a50 0000091c T INT123_dct64
0019a36c 000000a4 T INT123_do_equalizer
0019a410 000000a0 T mbedtls_ssl_list_ciphersuites
0019a4b0 00000038 T mbedtls_ssl_ciphersuite_from_id
0019a4e8 0000003c T mbedtls_ssl_get_ciphersuite_name
0019a524 0000003c T mbedtls_ssl_get_ciphersuite_sig_pk_alg
0019a560 0000002c T mbedtls_ssl_get_ciphersuite_sig_alg
0019a58c 00000030 T mbedtls_ssl_ciphersuite_uses_ec
0019a5bc 00000018 T mbedtls_ssl_ciphersuite_uses_psk
0019a5d4 0000007c t ssl_hs_is_proper_fragment
0019a650 000000d8 t ssl_check_ctr_renegotiate
0019a728 0000005c t ssl_buffering_free_slot.isra.0
0019a784 00000058 T mbedtls_ssl_set_timer
0019a7dc 00000aec T mbedtls_ssl_encrypt_buf
0019b2c8 00000ab4 T mbedtls_ssl_decrypt_buf
0019bd7c 00000030 T mbedtls_ssl_flight_free
0019bdac 00000120 T mbedtls_ssl_recv_flight_completed
0019becc 000000c0 T mbedtls_ssl_send_flight_completed
0019bf8c 00000080 T mbedtls_ssl_update_handshake_status
0019c00c 00000014 T mbedtls_ssl_dtls_replay_reset
0019c020 000000a4 T mbedtls_ssl_dtls_replay_check
0019c0c4 00000364 t ssl_parse_record_header
0019c428 000000f0 T mbedtls_ssl_dtls_replay_update
0019c518 00000064 T mbedtls_ssl_update_out_pointers
0019c57c 000001d8 T mbedtls_ssl_flush_output
0019c754 000000c4 t ssl_swap_epochs.isra.0
0019c818 0000006c T mbedtls_ssl_reset_in_out_pointers
0019c884 00000014 T mbedtls_ssl_get_bytes_avail
0019c898 000000b8 T mbedtls_ssl_get_record_expansion
0019c950 000000a0 t ssl_get_remaining_payload_in_datagram
0019c9f0 00000488 T mbedtls_ssl_write_record
0019ce78 0000052c T mbedtls_ssl_write_handshake_msg
0019d3a4 000000c4 T mbedtls_ssl_write_change_cipher_spec
0019d468 00000128 T mbedtls_ssl_send_alert_message
0019d590 00000164 t ssl_write_real
0019d6f4 000003f8 T mbedtls_ssl_flight_transmit
0019daec 0000036c T mbedtls_ssl_prepare_handshake_record
0019de58 00000314 T mbedtls_ssl_handle_message_type
0019e16c 00000740 T mbedtls_ssl_fetch_input
0019e8ac 00001b2c T mbedtls_ssl_read_record
001a03d8 000001ec T mbedtls_ssl_parse_change_cipher_spec
001a05c4 0000067c T mbedtls_ssl_read
001a0c40 000001b4 T mbedtls_ssl_write
001a0df4 0000003c T mbedtls_ssl_transform_free
001a0e30 000000ac T mbedtls_ssl_buffering_free
001a0edc 00000034 T mbedtls_ssl_write_version
001a0f10 00000040 T mbedtls_ssl_read_version
001a0f50 0000000c t ssl_cookie_write_dummy
001a0f5c 0000000c t ssl_cookie_check_dummy
001a0f68 00000238 t tls_prf_generic
001a11a0 00000050 t tls_prf_sha256
001a11f0 00000050 t tls_prf_sha384
001a1240 000003dc t tls1_prf
001a161c 00000148 t ssl_calc_finished_tls_sha256
001a1764 000000c4 t ssl_calc_verify_tls_sha256
001a1828 00000150 t ssl_calc_finished_tls_sha384
001a1978 000000c8 t ssl_calc_verify_tls_sha384
001a1a40 000001a8 t ssl_calc_finished_tls
001a1be8 000000f0 t ssl_calc_verify_tls
001a1cd8 00000774 t ssl_populate_transform
001a244c 000000bc t ssl_write_hello_request
001a2508 0000000c t ssl_update_checksum_sha256
001a2514 0000000c t ssl_update_checksum_sha384
001a2520 00000034 t ssl_update_checksum_md5sha1
001a2554 0000005c t ssl_update_checksum_start
001a25b0 00000100 T mbedtls_ssl_session_copy
001a26b0 000003c0 T mbedtls_ssl_derive_keys
001a2a70 000002c0 T mbedtls_ssl_psk_derive_premaster
001a2d30 00000094 T mbedtls_ssl_resend_hello_request
001a2dc4 00000360 T mbedtls_ssl_write_certificate
001a3124 00000044 T mbedtls_ssl_optimize_checksum
001a3168 00000044 T mbedtls_ssl_reset_checksum
001a31ac 000002a8 T mbedtls_ssl_write_finished
001a3454 00000258 T mbedtls_ssl_parse_finished
001a36ac 0000000c T mbedtls_ssl_session_init
001a36b8 0000000c T mbedtls_ssl_init
001a36c4 00000008 T mbedtls_ssl_conf_authmode
001a36cc 0000000c T mbedtls_ssl_conf_rng
001a36d8 00000014 T mbedtls_ssl_set_bio
001a36ec 0000005c T mbedtls_ssl_set_session
001a3748 00000014 T mbedtls_ssl_conf_ciphersuites
001a375c 00000008 T mbedtls_ssl_conf_cert_profile
001a3764 0000006c T mbedtls_ssl_conf_own_cert
001a37d0 0000000c T mbedtls_ssl_conf_ca_chain
001a37dc 0000007c T mbedtls_ssl_conf_dh_param_bin
001a3858 000000d4 T mbedtls_ssl_set_hostname
001a392c 0000000c T mbedtls_ssl_conf_max_version
001a3938 0000000c T mbedtls_ssl_conf_min_version
001a3944 00000008 T mbedtls_ssl_conf_renegotiation
001a394c 00000008 T mbedtls_ssl_conf_session_tickets
001a3954 00000028 T mbedtls_ssl_get_verify_result
001a397c 00000024 T mbedtls_ssl_get_ciphersuite
001a39a0 00000080 T mbedtls_ssl_get_output_max_frag_len
001a3a20 0000005c T mbedtls_ssl_get_current_mtu
001a3a7c 000000dc T mbedtls_ssl_get_max_out_record_payload
001a3b58 00000018 T mbedtls_ssl_get_peer_cert
001a3b70 00000040 T mbedtls_ssl_get_session
001a3bb0 0000014c T mbedtls_ssl_handshake
001a3cfc 000000b4 T mbedtls_ssl_handshake_free
001a3db0 0000009c T mbedtls_ssl_handshake_wrapup_free_hs_transform
001a3e4c 000001ac T mbedtls_ssl_handshake_wrapup
001a3ff8 000001b8 t mbedtls_ssl_free.part.0
001a41b0 0000027c t ssl_handshake_init
001a4430 00000110 T mbedtls_ssl_setup
001a4540 00000240 T mbedtls_ssl_session_reset_int
001a4780 000000fc T mbedtls_ssl_start_renegotiation
001a487c 00000104 T mbedtls_ssl_renegotiate
001a4980 00000044 T mbedtls_ssl_session_free
001a49c4 0000000c T mbedtls_ssl_free
001a49d0 0000000c T mbedtls_ssl_config_init
001a49dc 000001ec T mbedtls_ssl_config_defaults
001a4bc8 00000098 T mbedtls_ssl_config_free
001a4c60 0000003c T mbedtls_ssl_sig_from_pk
001a4c9c 0000001c T mbedtls_ssl_sig_from_pk_alg
001a4cb8 00000018 T mbedtls_ssl_pk_alg_from_sig
001a4cd0 00000028 T mbedtls_ssl_sig_hash_set_find
001a4cf8 00000030 T mbedtls_ssl_sig_hash_set_add
001a4d28 0000000c T mbedtls_ssl_sig_hash_set_const_hash
001a4d34 00000018 T mbedtls_ssl_md_alg_from_hash
001a4d4c 00000018 T mbedtls_ssl_hash_from_md_alg
001a4d64 00000044 T mbedtls_ssl_check_curve
001a4da8 00000044 T mbedtls_ssl_check_sig_hash
001a4dec 00000108 T mbedtls_ssl_check_cert_usage
001a4ef4 000009fc T mbedtls_ssl_parse_certificate
001a58f0 00000078 T mbedtls_ssl_set_calc_verify_md
001a5968 000001e0 T mbedtls_ssl_get_key_exchange_md_ssl_tls
001a5b48 00000170 T mbedtls_ssl_get_key_exchange_md_tls1_2
001a5cb8 0000015c t mbedtls_debug_print_mpi.part.0
001a5e14 00000148 t mbedtls_debug_print_ecp.part.0
001a5f5c 000000b0 T mbedtls_debug_print_msg
001a600c 000000b8 T mbedtls_debug_print_ret
001a60c4 000001ec T mbedtls_debug_print_buf
001a62b0 00000058 T mbedtls_debug_print_mpi
001a6308 000002f4 T mbedtls_debug_print_crt
001a65fc 00000110 T mbedtls_debug_printf_ecdh
001a670c 000000d8 t ssl_check_server_ecdh_params
001a67e4 00000228 t ssl_write_encrypted_pms
001a6a0c 000000b0 t ssl_validate_ciphersuite
001a6abc 0000128c t ssl_write_client_hello
001a7d48 00002ecc T mbedtls_ssl_handshake_client_step
001aac14 00000120 t ssl_parse_client_dh_public
001aad34 000021cc t ssl_parse_client_hello
001acf00 000001b4 t ssl_parse_client_psk_identity
001ad0b4 000002ac t ssl_parse_encrypted_pms
001ad360 000026bc T mbedtls_ssl_handshake_server_step
001afa1c 000000d0 t mbedtls_x509_crl_free.part.0
001afaec 000006a0 T mbedtls_x509_crl_parse_der
001b018c 00000120 T mbedtls_x509_crl_parse
001b02ac 0000005c T mbedtls_x509_crl_parse_file
001b0308 0000000c T mbedtls_x509_crl_init
001b0314 0000000c T mbedtls_x509_crl_free
001b0320 000000b8 t x509_profile_check_key
001b03d8 00000178 t mbedtls_x509_crt_free.part.0
001b0550 0000012c t x509_name_cmp
001b067c 00000134 t x509_crt_check_cn
001b07b0 00000804 t x509_crt_verify_restartable_ca_cb.constprop.0.isra.0
001b0fb4 00000220 T mbedtls_x509_parse_subject_alt_name
001b11d4 00000e04 t mbedtls_x509_crt_parse_der_internal
001b1fd8 00000024 T mbedtls_x509_crt_parse_der
001b1ffc 000001a4 T mbedtls_x509_crt_parse
001b21a0 0000005c T mbedtls_x509_crt_parse_file
001b21fc 000000ec T mbedtls_x509_crt_parse_path
001b22e8 00000d34 T mbedtls_x509_crt_info
001b301c 0000004c T mbedtls_x509_crt_check_key_usage
001b3068 000000ac T mbedtls_x509_crt_check_extended_key_usage
001b3114 00000004 T mbedtls_x509_crt_verify_restartable
001b3118 0000000c T mbedtls_x509_crt_init
001b3124 0000000c T mbedtls_x509_crt_free
001b3130 000000b4 t x509_check_time
001b31e4 00000078 t x509_get_current_time
001b325c 0000007c T mbedtls_x509_get_serial
001b32d8 00000014 T mbedtls_x509_get_alg
001b32ec 00000340 T mbedtls_x509_get_rsassa_pss_params
001b362c 00000218 T mbedtls_x509_get_name
001b3844 000003ac T mbedtls_x509_get_time
001b3bf0 00000064 T mbedtls_x509_get_sig
001b3c54 000000d4 T mbedtls_x509_get_sig_alg
001b3d28 00000088 T mbedtls_x509_get_ext
001b3db0 00000218 T mbedtls_x509_dn_gets
001b3fc8 00000148 T mbedtls_x509_serial_gets
001b4110 00000140 T mbedtls_x509_sig_alg_gets
001b4250 0000003c T mbedtls_x509_key_size_helper
001b428c 00000034 T mbedtls_x509_time_is_past
001b42c0 00000034 T mbedtls_x509_time_is_future
001b42f4 00000064 t asn1_get_sequence_of_cb
001b4358 00000108 T mbedtls_asn1_get_len
001b4460 00000114 t asn1_get_tagged_int
001b4574 00000040 T mbedtls_asn1_get_tag
001b45b4 00000088 T mbedtls_asn1_get_bool
001b463c 0000000c T mbedtls_asn1_get_int
001b4648 0000007c T mbedtls_asn1_get_mpi
001b46c4 000000a4 T mbedtls_asn1_get_bitstring
001b4768 0000015c T mbedtls_asn1_traverse_sequence_of
001b48c4 00000084 T mbedtls_asn1_get_bitstring_null
001b4948 00000058 T mbedtls_asn1_get_sequence_of
001b49a0 00000130 T mbedtls_asn1_get_alg
001b4ad0 00000054 T mbedtls_asn1_get_alg_null
001b4b24 00000218 t mpi_mul_hlp
001b4d3c 000000c0 t mpi_fill_random_internal
001b4dfc 00000014 T mbedtls_mpi_init
001b4e10 00000040 T mbedtls_mpi_free
001b4e50 00000090 T mbedtls_mpi_grow
001b4ee0 000000b4 t mbedtls_mpi_resize_clear
001b4f94 000000cc T mbedtls_mpi_shrink
001b5060 000000f4 T mbedtls_mpi_copy
001b5154 00000098 T mbedtls_mpi_lset
001b51ec 00000028 T mbedtls_mpi_get_bit
001b5214 00000074 T mbedtls_mpi_set_bit
001b5288 00000064 T mbedtls_mpi_lsb
001b52ec 00000078 T mbedtls_mpi_bitlen
001b5364 00000014 T mbedtls_mpi_size
001b5378 00000068 T mbedtls_mpi_read_binary_le
001b53e0 000000a4 T mbedtls_mpi_read_binary
001b5484 00000104 T mbedtls_mpi_write_binary_le
001b5588 000000b8 T mbedtls_mpi_write_binary
001b5640 000000fc T mbedtls_mpi_shift_l
001b573c 00000124 T mbedtls_mpi_shift_r
001b5860 000000c8 T mbedtls_mpi_cmp_abs
001b5928 00000104 T mbedtls_mpi_cmp_mpi
001b5a2c 00000038 T mbedtls_mpi_cmp_int
001b5a64 00000128 T mbedtls_mpi_add_abs
001b5b8c 00000188 T mbedtls_mpi_sub_abs
001b5d14 000000ac t add_sub_mpi
001b5dc0 00000008 T mbedtls_mpi_add_mpi
001b5dc8 00000008 T mbedtls_mpi_sub_mpi
001b5dd0 00000038 T mbedtls_mpi_add_int
001b5e08 0000003c T mbedtls_mpi_sub_int
001b5e44 00000200 T mbedtls_mpi_mul_mpi
001b6044 000000d0 T mbedtls_mpi_mul_int
001b6114 000008c4 T mbedtls_mpi_div_mpi
001b69d8 000000fc T mbedtls_mpi_mod_mpi
001b6ad4 000000b8 T mbedtls_mpi_mod_int
001b6b8c 000000a8 t mpi_check_small_factors
001b6c34 0000003c T mbedtls_mpi_montmul_init
001b6c70 00000198 T mbedtls_mpi_montmul
001b6e08 0000008c T mbedtls_mpi_get_mont_r2_unsafe
001b6e94 00000a0c T mbedtls_mpi_exp_mod
001b78a0 000006cc t mpi_miller_rabin
001b7f6c 0000046c T mbedtls_mpi_gcd
001b83d8 00000054 T mbedtls_mpi_fill_random
001b842c 000001ac T mbedtls_mpi_random
001b85d8 00000cb4 T mbedtls_mpi_inv_mod
001b928c 000000d0 T mbedtls_mpi_is_prime_ext
001b935c 00000038 t add_pkcs_padding
001b9394 00000044 t add_one_and_zeros_padding
001b93d8 00000048 t add_zeros_and_len_padding
001b9420 00000020 t add_zeros_padding
001b9440 00000020 t get_no_padding
001b9460 000000b0 t get_zeros_and_len_padding
001b9510 000000b4 t get_pkcs_padding
001b95c4 000000bc t get_one_and_zeros_padding
001b9680 000000f8 t mbedtls_cipher_aead_encrypt
001b9778 00000160 t mbedtls_cipher_aead_decrypt
001b98d8 00000084 t get_zeros_padding
001b995c 00000040 T mbedtls_cipher_info_from_type
001b999c 00000064 T mbedtls_cipher_info_from_values
001b9a00 0000000c T mbedtls_cipher_init
001b9a0c 00000054 T mbedtls_cipher_free
001b9a60 00000074 T mbedtls_cipher_setup
001b9ad4 0000008c T mbedtls_cipher_setkey
001b9b60 000000dc T mbedtls_cipher_set_iv
001b9c3c 00000024 T mbedtls_cipher_reset
001b9c60 000003dc T mbedtls_cipher_update
001ba03c 00000164 T mbedtls_cipher_finish
001ba1a0 000000d8 T mbedtls_cipher_set_padding_mode
001ba278 0000009c T mbedtls_cipher_crypt
001ba314 00000074 T mbedtls_cipher_auth_encrypt_ext
001ba388 00000068 T mbedtls_cipher_auth_decrypt_ext
001ba3f0 00000018 t chachapoly_ctx_free
001ba408 00000024 t chachapoly_ctx_alloc
001ba42c 0000002c t chachapoly_setkey_wrap
001ba458 00000018 t chacha20_ctx_free
001ba470 00000024 t chacha20_ctx_alloc
001ba494 0000002c t chacha20_setkey_wrap
001ba4c0 0000001c t chacha20_stream_wrap
001ba4dc 00000018 t des3_ctx_free
001ba4f4 00000024 t des3_ctx_alloc
001ba518 00000004 t des3_set3key_dec_wrap
001ba51c 00000004 t des3_set3key_enc_wrap
001ba520 00000004 t des3_crypt_cbc_wrap
001ba524 0000000c t des3_crypt_ecb_wrap
001ba530 00000004 t des3_set2key_dec_wrap
001ba534 00000004 t des3_set2key_enc_wrap
001ba538 00000018 t des_ctx_free
001ba550 00000024 t des_ctx_alloc
001ba574 00000004 t des_setkey_dec_wrap
001ba578 00000004 t des_setkey_enc_wrap
001ba57c 00000004 t des_crypt_cbc_wrap
001ba580 0000000c t des_crypt_ecb_wrap
001ba58c 00000018 t ccm_ctx_free
001ba5a4 00000024 t ccm_ctx_alloc
001ba5c8 00000014 t ccm_camellia_setkey_wrap
001ba5dc 00000014 t ccm_aes_setkey_wrap
001ba5f0 00000018 t gcm_ctx_free
001ba608 00000024 t gcm_ctx_alloc
001ba62c 00000014 t gcm_camellia_setkey_wrap
001ba640 00000014 t gcm_aes_setkey_wrap
001ba654 00000018 t camellia_ctx_free
001ba66c 00000024 t camellia_ctx_alloc
001ba690 00000004 t camellia_setkey_dec_wrap
001ba694 00000004 t camellia_setkey_enc_wrap
001ba698 00000004 t camellia_crypt_ctr_wrap
001ba69c 00000004 t camellia_crypt_cfb128_wrap
001ba6a0 00000004 t camellia_crypt_cbc_wrap
001ba6a4 00000004 t camellia_crypt_ecb_wrap
001ba6a8 00000018 t blowfish_ctx_free
001ba6c0 00000028 t blowfish_ctx_alloc
001ba6e8 00000004 t blowfish_setkey_wrap
001ba6ec 00000004 t blowfish_crypt_ctr_wrap
001ba6f0 00000004 t blowfish_crypt_cfb64_wrap
001ba6f4 00000004 t blowfish_crypt_cbc_wrap
001ba6f8 00000004 t blowfish_crypt_ecb_wrap
001ba6fc 00000018 t arc4_ctx_free
001ba714 00000024 t arc4_ctx_alloc
001ba738 00000028 t arc4_setkey_wrap
001ba760 00000004 t arc4_crypt_stream_wrap
001ba764 00000024 t xts_aes_ctx_alloc
001ba788 00000004 t xts_aes_setkey_dec_wrap
001ba78c 00000004 t xts_aes_setkey_enc_wrap
001ba790 00000030 t aes_crypt_xts_wrap
001ba7c0 00000018 t aes_ctx_free
001ba7d8 00000024 t aes_ctx_alloc
001ba7fc 00000004 t aes_setkey_dec_wrap
001ba800 00000004 t aes_setkey_enc_wrap
001ba804 00000004 t aes_crypt_ctr_wrap
001ba808 00000004 t aes_crypt_ofb_wrap
001ba80c 00000004 t aes_crypt_cfb128_wrap
001ba810 00000004 t aes_crypt_cbc_wrap
001ba814 00000004 t aes_crypt_ecb_wrap
001ba818 0000001c t xts_aes_ctx_free
001ba834 00000048 T mbedtls_ct_memcmp
001ba87c 00000010 T mbedtls_ct_uint_mask
001ba88c 00000010 T mbedtls_ct_size_mask
001ba89c 00000014 T mbedtls_ct_size_mask_ge
001ba8b0 00000018 T mbedtls_ct_size_bool_eq
001ba8c8 00000018 T mbedtls_ct_uint_if
001ba8e0 00000044 T mbedtls_ct_mpi_uint_cond_assign
001ba924 000000c0 T mbedtls_ct_base64_dec_value
001ba9e4 0000008c T mbedtls_ct_memcpy_offset
001baa70 00000210 T mbedtls_ct_hmac
001bac80 000000c0 T mbedtls_mpi_safe_cond_assign
001bad40 000000dc T mbedtls_mpi_safe_cond_swap
001bae1c 000000c4 T mbedtls_mpi_lt_mpi_ct
001baee0 00000254 T mbedtls_ct_rsaes_pkcs1_v15_unpadding
001bb134 00000274 t block_cipher_df
001bb3a8 000000ec t ctr_drbg_update_internal
001bb494 00000118 t mbedtls_ctr_drbg_reseed_internal
001bb5ac 0000002c T mbedtls_ctr_drbg_init
001bb5d8 00000038 T mbedtls_ctr_drbg_free
001bb610 000000b4 T mbedtls_ctr_drbg_seed
001bb6c4 0000017c T mbedtls_ctr_drbg_random_with_add
001bb840 0000001c T mbedtls_ctr_drbg_random
001bb85c 0000000c T mbedtls_des_init
001bb868 00000010 T mbedtls_des_free
001bb878 0000000c T mbedtls_des3_init
001bb884 00000010 T mbedtls_des3_free
001bb894 00000028 T mbedtls_des_key_set_parity
001bb8bc 000003b0 T mbedtls_des_setkey
001bbc6c 00000090 t des3_set2key
001bbcfc 00000090 t des3_set3key
001bbd8c 00000010 T mbedtls_des_setkey_enc
001bbd9c 00000040 T mbedtls_des_setkey_dec
001bbddc 0000002c T mbedtls_des3_set2key_enc
001bbe08 00000034 T mbedtls_des3_set2key_dec
001bbe3c 0000002c T mbedtls_des3_set3key_enc
001bbe68 00000034 T mbedtls_des3_set3key_dec
001bbe9c 00000290 T mbedtls_des_crypt_ecb
001bc12c 0000012c T mbedtls_des_crypt_cbc
001bc258 00000504 T mbedtls_des3_crypt_ecb
001bc75c 0000012c T mbedtls_des3_crypt_cbc
001bc888 00000060 t dhm_read_bignum
001bc8e8 00000078 t dhm_check_range
001bc960 00000068 t mbedtls_dhm_free.part.0
001bc9c8 00000114 t dhm_make_common
001bcadc 0000000c T mbedtls_dhm_init
001bcae8 00000084 T mbedtls_dhm_read_params
001bcb6c 00000110 T mbedtls_dhm_make_params
001bcc7c 00000054 T mbedtls_dhm_set_group
001bccd0 00000038 T mbedtls_dhm_read_public
001bcd08 00000080 T mbedtls_dhm_make_public
001bcd88 000003a0 T mbedtls_dhm_calc_secret
001bd128 0000000c T mbedtls_dhm_free
001bd134 00000098 t ecdh_compute_shared_restartable.constprop.0
001bd1cc 00000050 T mbedtls_ecdh_init
001bd21c 0000001c T mbedtls_ecdh_setup
001bd238 00000050 T mbedtls_ecdh_free
001bd288 000000e0 T mbedtls_ecdh_make_params
001bd368 00000074 T mbedtls_ecdh_read_params
001bd3dc 00000090 T mbedtls_ecdh_get_params
001bd46c 000000a8 T mbedtls_ecdh_make_public
001bd514 0000004c T mbedtls_ecdh_read_public
001bd560 000000bc T mbedtls_ecdh_calc_secret
001bd61c 00000004 t ecp_drbg_random
001bd620 00000088 t ecp_drbg_seed
001bd6a8 000000fc t ecp_modp
001bd7a4 00000034 t mbedtls_mpi_mul_mod
001bd7d8 00000074 t ecp_safe_invert_jac
001bd84c 0000009c t ecp_select_comb
001bd8e8 00000078 t mbedtls_mpi_sub_mod
001bd960 00000068 t mbedtls_mpi_shift_l_mod.constprop.0
001bd9c8 000000bc t ecp_randomize_mxz
001bda84 00000140 t ecp_normalize_jac
001bdbc4 00000304 t ecp_normalize_jac_many
001bdec8 00000154 t ecp_randomize_jac
001be01c 00000580 t ecp_double_jac
001be59c 0000050c t ecp_add_mixed
001beaa8 000007a8 t ecp_mul_comb.isra.0
001bf250 00000058 T mbedtls_ecp_grp_id_list
001bf2a8 00000034 T mbedtls_ecp_curve_info_from_grp_id
001bf2dc 00000030 T mbedtls_ecp_curve_info_from_tls_id
001bf30c 00000028 T mbedtls_ecp_get_type
001bf334 00000020 T mbedtls_ecp_point_init
001bf354 0000006c T mbedtls_ecp_group_init
001bf3c0 00000030 T mbedtls_ecp_keypair_init
001bf3f0 00000024 T mbedtls_ecp_point_free
001bf414 000000bc T mbedtls_ecp_group_free
001bf4d0 00000034 T mbedtls_ecp_keypair_free
001bf504 0000003c T mbedtls_ecp_copy
001bf540 00000008 T mbedtls_ecp_group_copy
001bf548 0000001c T mbedtls_ecp_is_zero
001bf564 00000164 T mbedtls_ecp_point_write_binary
001bf6c8 0000018c T mbedtls_ecp_point_read_binary
001bf854 0000005c T mbedtls_ecp_tls_read_point
001bf8b0 00000060 T mbedtls_ecp_tls_write_point
001bf910 0000008c T mbedtls_ecp_tls_read_group_id
001bf99c 0000006c T mbedtls_ecp_tls_write_group
001bfa08 00000380 T mbedtls_ecp_check_pubkey
001bfd88 000000c4 T mbedtls_ecp_check_privkey
001bfe4c 000007a4 T mbedtls_ecp_mul_restartable
001c05f0 0000002c T mbedtls_ecp_mul
001c061c 000001ac t mbedtls_ecp_mul_shortcuts
001c07c8 000000f4 T mbedtls_ecp_muladd_restartable
001c08bc 0000010c T mbedtls_ecp_gen_privkey
001c09c8 000001a8 T mbedtls_ecp_check_pub_priv
001c0b70 00000178 t ecp_mod_p448
001c0ce8 000000fc t ecp_mod_p255
001c0de4 000000b0 t ecp_mod_p521
001c0e94 0000063c t ecp_mod_p384
001c14d0 00000178 t ecp_mod_koblitz.constprop.0
001c1648 00000010 t ecp_mod_p192k1
001c1658 00000010 t ecp_mod_p224k1
001c1668 00000010 t ecp_mod_p256k1
001c1678 00000334 t ecp_mod_p224
001c19ac 000001d4 t ecp_mod_p192
001c1b80 000004fc t ecp_mod_p256
001c207c 00000760 T mbedtls_ecp_group_load
001c27dc 00000028 T mbedtls_hardware_poll
001c2804 000000d0 t entropy_update
001c28d4 000000e4 t entropy_gather_internal.part.0
001c29b8 00000198 t mbedtls_entropy_func.part.0
001c2b50 00000068 T mbedtls_entropy_init
001c2bb8 0000003c T mbedtls_entropy_free
001c2bf4 00000014 T mbedtls_entropy_func
001c2c08 00000e60 T mbedtls_high_level_strerr
001c3a68 00000470 T mbedtls_low_level_strerr
001c3ed8 00000108 T mbedtls_strerror
001c3fe0 00000198 t gcm_mult
001c4178 0000000c T mbedtls_gcm_init
001c4184 000001e0 T mbedtls_gcm_setkey
001c4364 00000214 T mbedtls_gcm_starts
001c4578 00000180 T mbedtls_gcm_update
001c46f8 00000128 T mbedtls_gcm_finish
001c4820 00000074 T mbedtls_gcm_crypt_and_tag
001c4894 0000009c T mbedtls_gcm_auth_decrypt
001c4930 00000020 T mbedtls_gcm_free
001c4950 00000024 T mbedtls_hmac_drbg_init
001c4974 0000012c T mbedtls_hmac_drbg_update_ret
001c4aa0 0000010c t hmac_drbg_reseed_core
001c4bac 00000074 T mbedtls_hmac_drbg_seed_buf
001c4c20 00000148 T mbedtls_hmac_drbg_random_with_add
001c4d68 0000001c T mbedtls_hmac_drbg_random
001c4d84 0000002c T mbedtls_hmac_drbg_free
001c4db0 0000000c T mbedtls_md_list
001c4dbc 00000020 T mbedtls_md_info_from_type
001c4ddc 00000014 T mbedtls_md_init
001c4df0 000000b8 T mbedtls_md_free
001c4ea8 000000d4 T mbedtls_md_clone
001c4f7c 00000144 T mbedtls_md_setup
001c50c0 0000008c T mbedtls_md_starts
001c514c 0000006c T mbedtls_md_update
001c51b8 0000006c T mbedtls_md_finish
001c5224 00000070 T mbedtls_md
001c5294 00000150 T mbedtls_md_hmac_starts
001c53e4 00000030 T mbedtls_md_hmac_update
001c5414 000000ac T mbedtls_md_hmac_finish
001c54c0 00000054 T mbedtls_md_hmac_reset
001c5514 0000000c T mbedtls_md_get_size
001c5520 0000000c T mbedtls_md_get_type
001c552c 0000000c T mbedtls_md_get_name
001c5538 0000000c T mbedtls_md5_init
001c5544 00000010 T mbedtls_md5_free
001c5554 00000010 T mbedtls_md5_clone
001c5564 00000044 T mbedtls_md5_starts_ret
001c55a8 00000b28 T mbedtls_internal_md5_process
001c60d0 00000104 t mbedtls_md5_update_ret.part.0
001c61d4 00000020 T mbedtls_md5_update_ret
001c61f4 00000130 T mbedtls_md5_finish_ret
001c6328 00000088 T mbedtls_md5_ret
001c63b0 00000068 T mbedtls_oid_get_attr_short_name
001c6418 00000068 T mbedtls_oid_get_x509_ext_type
001c6480 00000068 T mbedtls_oid_get_extended_key_usage
001c64e8 00000064 T mbedtls_oid_get_certificate_policies
001c654c 00000068 T mbedtls_oid_get_sig_alg_desc
001c65b4 00000074 T mbedtls_oid_get_sig_alg
001c6628 00000068 T mbedtls_oid_get_pk_alg
001c6690 0000004c T mbedtls_oid_get_oid_by_pk_alg
001c66dc 00000068 T mbedtls_oid_get_ec_grp
001c6744 0000004c T mbedtls_oid_get_oid_by_ec_grp
001c6790 00000068 T mbedtls_oid_get_cipher_alg
001c67f8 00000068 T mbedtls_oid_get_md_alg
001c6860 0000004c T mbedtls_oid_get_oid_by_md
001c68ac 00000068 T mbedtls_oid_get_md_hmac
001c6914 00000074 T mbedtls_oid_get_pkcs12_pbe_alg
001c6988 00000158 T mbedtls_oid_get_numeric_string
001c6ae0 00000160 t pem_pbkdf1
001c6c40 0000009c t pem_des3_decrypt
001c6cdc 000000a0 t pem_aes_decrypt
001c6d7c 00000014 T mbedtls_pem_init
001c6d90 000006d4 T mbedtls_pem_read_buffer
001c7464 0000003c T mbedtls_pem_free
001c74a0 00000010 T mbedtls_pk_init
001c74b0 00000034 T mbedtls_pk_free
001c74e4 00000020 T mbedtls_pk_info_from_type
001c7504 00000054 T mbedtls_pk_setup
001c7558 00000028 T mbedtls_pk_can_do
001c7580 000000b4 T mbedtls_pk_verify_restartable
001c7634 0000002c T mbedtls_pk_verify
001c7660 00000164 T mbedtls_pk_verify_ext
001c77c4 000000d0 T mbedtls_pk_sign_restartable
001c7894 0000003c T mbedtls_pk_sign
001c78d0 00000054 T mbedtls_pk_decrypt
001c7924 00000054 T mbedtls_pk_encrypt
001c7978 00000028 T mbedtls_pk_get_bitlen
001c79a0 00000044 T mbedtls_pk_debug
001c79e4 00000028 T mbedtls_pk_get_name
001c7a0c 00000018 T mbedtls_pk_get_type
001c7a24 00000014 t rsa_can_do
001c7a38 0000003c t rsa_debug
001c7a74 00000014 t eckey_can_do
001c7a88 00000008 t eckey_get_bitlen
001c7a90 00000020 t eckey_debug
001c7ab0 00000014 t eckeydh_can_do
001c7ac4 00000010 t ecdsa_can_do
001c7ad4 00000018 t rsa_free_wrap
001c7aec 0000002c t rsa_alloc_wrap
001c7b18 00000004 t rsa_check_pair_wrap
001c7b1c 00000070 t rsa_encrypt_wrap
001c7b8c 00000070 t rsa_decrypt_wrap
001c7bfc 00000054 t rsa_sign_wrap
001c7c50 00000080 t rsa_verify_wrap
001c7cd0 00000068 t rsa_get_bitlen
001c7d38 00000018 t eckey_free_wrap
001c7d50 00000024 t eckey_alloc_wrap
001c7d74 00000004 t eckey_check_pair
001c7d78 00000024 t ecdsa_alloc_wrap
001c7d9c 00000018 t ecdsa_free_wrap
001c7db4 00000004 t ecdsa_sign_wrap
001c7db8 00000084 t eckey_sign_wrap
001c7e3c 00000038 t ecdsa_verify_wrap
001c7e74 0000007c t eckey_verify_wrap
001c7ef0 00000154 t pk_get_rsapubkey
001c8044 00000038 t asn1_get_nonzero_mpi
001c807c 0000009c t pk_get_pk_alg
001c8118 000004ac t pk_use_ecparams
001c85c4 000002b8 t pk_parse_key_sec1_der
001c887c 00000324 t pk_parse_key_pkcs1_der
001c8ba0 000001cc t pk_parse_key_pkcs8_unencrypted_der
001c8d6c 000001d4 t pk_parse_key_pkcs8_encrypted_der
001c8f40 0000010c T mbedtls_pk_load_file
001c904c 000001dc T mbedtls_pk_parse_subpubkey
001c9228 00000408 T mbedtls_pk_parse_key
001c9630 000000a4 T mbedtls_pk_parse_keyfile
001c96d4 00000084 t pk_write_ec_pubkey
001c9758 000001a4 T mbedtls_pk_write_pubkey
001c98fc 000001b8 T mbedtls_pk_write_pubkey_der
001c9ab4 0000001c T mbedtls_platform_zeroize
001c9ad0 00000060 T mbedtls_platform_gmtime_r
001c9b30 0000000c T mbedtls_ripemd160_init
001c9b3c 00000010 T mbedtls_ripemd160_free
001c9b4c 00000010 T mbedtls_ripemd160_clone
001c9b5c 00000050 T mbedtls_ripemd160_starts_ret
001c9bac 00001e5c T mbedtls_internal_ripemd160_process
001cba08 00000104 t mbedtls_ripemd160_update_ret.part.0
001cbb0c 00000020 T mbedtls_ripemd160_update_ret
001cbb2c 00000114 T mbedtls_ripemd160_finish_ret
001cbc40 00000094 T mbedtls_ripemd160_ret
001cbcd4 00000118 t mgf_mask
001cbdec 000001cc t rsa_rsassa_pkcs1_v15_encode
001cbfb8 00000074 t mbedtls_rsa_free.part.0
001cc02c 00000130 t rsa_check_context.isra.0
001cc15c 000000c8 T mbedtls_rsa_import
001cc224 000000d4 T mbedtls_rsa_import_raw
001cc2f8 0000028c T mbedtls_rsa_complete
001cc584 00000160 T mbedtls_rsa_export
001cc6e4 00000028 T mbedtls_rsa_init
001cc70c 00000008 T mbedtls_rsa_get_len
001cc714 0000007c T mbedtls_rsa_check_pubkey
001cc790 000000a4 T mbedtls_rsa_check_privkey
001cc834 0000005c T mbedtls_rsa_check_pub_priv
001cc890 000000f4 T mbedtls_rsa_public
001cc984 000008e0 T mbedtls_rsa_private
001cd264 000002b4 t rsa_rsassa_pss_sign
001cd518 00000238 T mbedtls_rsa_rsaes_oaep_encrypt
001cd750 000001c8 T mbedtls_rsa_rsaes_pkcs1_v15_encrypt
001cd918 00000060 T mbedtls_rsa_pkcs1_encrypt
001cd978 00000260 T mbedtls_rsa_rsaes_oaep_decrypt
001cdbd8 000000d4 T mbedtls_rsa_rsaes_pkcs1_v15_decrypt
001cdcac 0000006c T mbedtls_rsa_pkcs1_decrypt
001cdd18 000001b4 T mbedtls_rsa_rsassa_pkcs1_v15_sign
001cdecc 00000068 T mbedtls_rsa_pkcs1_sign
001cdf34 000002a8 T mbedtls_rsa_rsassa_pss_verify_ext
001ce1dc 00000170 T mbedtls_rsa_rsassa_pkcs1_v15_verify
001ce34c 00000080 T mbedtls_rsa_pkcs1_verify
001ce3cc 0000000c T mbedtls_rsa_free
001ce3d8 00000308 T mbedtls_rsa_deduce_primes
001ce6e0 00000134 T mbedtls_rsa_deduce_private_exponent
001ce814 000001c0 T mbedtls_rsa_validate_crt
001ce9d4 000002f4 T mbedtls_rsa_validate_params
001cecc8 000000d0 T mbedtls_rsa_deduce_crt
001ced98 0000000c T mbedtls_sha1_init
001ceda4 00000010 T mbedtls_sha1_free
001cedb4 00000010 T mbedtls_sha1_clone
001cedc4 00000050 T mbedtls_sha1_starts_ret
001cee14 00001368 T mbedtls_internal_sha1_process
001d017c 00000104 t mbedtls_sha1_update_ret.part.0
001d0280 00000020 T mbedtls_sha1_update_ret
001d02a0 0000015c T mbedtls_sha1_finish_ret
001d0400 00000094 T mbedtls_sha1_ret
001d0494 0000000c T mbedtls_sha256_init
001d04a0 00000010 T mbedtls_sha256_free
001d04b0 00000010 T mbedtls_sha256_clone
001d04c0 000000c8 T mbedtls_sha256_starts_ret
001d0588 000009c0 T mbedtls_internal_sha256_process
001d0f48 00000104 t mbedtls_sha256_update_ret.part.0
001d104c 00000020 T mbedtls_sha256_update_ret
001d106c 000001d4 T mbedtls_sha256_finish_ret
001d1240 00000120 T mbedtls_sha256_ret
001d1360 0000000c T mbedtls_sha512_init
001d136c 00000010 T mbedtls_sha512_free
001d137c 00000010 T mbedtls_sha512_clone
001d1390 00000110 T mbedtls_sha512_starts_ret
001d14a0 00000d08 T mbedtls_internal_sha512_process
001d21a8 00000110 t mbedtls_sha512_update_ret.part.0
001d22b8 00000020 T mbedtls_sha512_update_ret
001d22d8 0000034c T mbedtls_sha512_finish_ret
001d2628 00000178 T mbedtls_sha512_ret
001d27a0 0000000c T mbedtls_version_get_number
001d27ac 00000348 t aes_gen_tables
001d2af4 00000058 t mbedtls_gf128mul_x_ble
001d2b4c 0000000c T mbedtls_aes_init
001d2b58 00000010 T mbedtls_aes_free
001d2b68 00000028 T mbedtls_aes_xts_init
001d2b90 00000024 T mbedtls_aes_xts_free
001d2bb4 000002d4 T mbedtls_aes_setkey_enc
001d2e88 00000190 T mbedtls_aes_setkey_dec
001d3018 0000005c T mbedtls_aes_xts_setkey_enc
001d3074 0000005c T mbedtls_aes_xts_setkey_dec
001d30d0 000004fc T mbedtls_internal_aes_encrypt
001d35cc 00000500 T mbedtls_internal_aes_decrypt
001d3acc 0000002c T mbedtls_aes_crypt_ecb
001d3af8 00000154 T mbedtls_aes_crypt_cbc
001d3c4c 00000224 T mbedtls_aes_crypt_xts
001d3e70 000000e0 T mbedtls_aes_crypt_cfb128
001d3f50 00000084 T mbedtls_aes_crypt_ofb
001d3fd4 000000ac T mbedtls_aes_crypt_ctr
001d4080 0000000c T mbedtls_arc4_init
001d408c 00000010 T mbedtls_arc4_free
001d409c 00000088 T mbedtls_arc4_setup
001d4124 00000078 T mbedtls_arc4_crypt
001d419c 00000188 T mbedtls_asn1_write_len
001d4324 00000024 T mbedtls_asn1_write_tag
001d4348 000000e0 T mbedtls_asn1_write_mpi
001d4428 00000088 T mbedtls_asn1_write_oid
001d44b0 000000d4 T mbedtls_asn1_write_algorithm_identifier_ext
001d4584 00000024 T mbedtls_asn1_write_algorithm_identifier
001d45a8 00000248 T mbedtls_base64_decode
001d47f0 00000098 t blowfish_enc
001d4888 00000010 T mbedtls_blowfish_init
001d4898 00000014 T mbedtls_blowfish_free
001d48ac 000001a0 T mbedtls_blowfish_setkey
001d4a4c 000000e0 T mbedtls_blowfish_crypt_ecb
001d4b2c 0000012c T mbedtls_blowfish_crypt_cbc
001d4c58 000000e8 T mbedtls_blowfish_crypt_cfb64
001d4d40 000000b0 T mbedtls_blowfish_crypt_ctr
001d4df0 000000c8 t camellia_feistel
001d4eb8 0000000c T mbedtls_camellia_init
001d4ec4 00000010 T mbedtls_camellia_free
001d4ed4 0000066c T mbedtls_camellia_setkey_enc
001d5540 0000011c T mbedtls_camellia_setkey_dec
001d565c 00000178 T mbedtls_camellia_crypt_ecb
001d57d4 0000014c T mbedtls_camellia_crypt_cbc
001d5920 000000e8 T mbedtls_camellia_crypt_cfb128
001d5a08 000000b0 T mbedtls_camellia_crypt_ctr
001d5ab8 000004cc t ccm_auth_crypt
001d5f84 0000000c T mbedtls_ccm_init
001d5f90 00000070 T mbedtls_ccm_setkey
001d6000 00000020 T mbedtls_ccm_free
001d6020 00000064 T mbedtls_ccm_encrypt_and_tag
001d6084 0000009c T mbedtls_ccm_auth_decrypt
001d6120 000003b8 t chacha20_block
001d64d8 00000028 T mbedtls_chacha20_init
001d6500 00000010 T mbedtls_chacha20_free
001d6510 00000080 T mbedtls_chacha20_setkey
001d6590 00000044 T mbedtls_chacha20_starts
001d65d4 000001a8 T mbedtls_chacha20_update
001d677c 00000034 T mbedtls_chachapoly_init
001d67b0 00000038 T mbedtls_chachapoly_free
001d67e8 00000004 T mbedtls_chachapoly_setkey
001d67ec 0000009c T mbedtls_chachapoly_starts
001d6888 0000010c T mbedtls_chachapoly_update
001d6994 0000010c T mbedtls_chachapoly_finish
001d6aa0 000000a0 T mbedtls_chachapoly_encrypt_and_tag
001d6b40 000000d0 T mbedtls_chachapoly_auth_decrypt
001d6c10 0000009c t derive_mpi
001d6cac 00000258 t ecdsa_sign_restartable.part.0
001d6f04 00000200 t ecdsa_verify_restartable.isra.0
001d7104 00000208 t ecdsa_sign_det_restartable.isra.0
001d730c 00000128 T mbedtls_ecdsa_write_signature_restartable
001d7434 0000003c T mbedtls_ecdsa_write_signature
001d7470 00000100 T mbedtls_ecdsa_read_signature_restartable
001d7570 00000024 T mbedtls_ecdsa_read_signature
001d7594 0000005c T mbedtls_ecdsa_from_keypair
001d75f0 00000004 T mbedtls_ecdsa_init
001d75f4 0000000c T mbedtls_ecdsa_free
001d7600 00000414 T mbedtls_pkcs12_derivation
001d7a14 000001a0 t pkcs12_pbe_derive_key_iv
001d7bb4 00000098 T mbedtls_pkcs12_pbe_sha1_rc4_128
001d7c4c 000001f4 T mbedtls_pkcs12_pbe_ext
001d7e40 00000054 T mbedtls_pkcs12_pbe
001d7e94 000001e4 T mbedtls_pkcs5_pbkdf2_hmac
001d8078 0000037c T mbedtls_pkcs5_pbes2_ext
001d83f4 00000044 T mbedtls_pkcs5_pbes2
001d8438 00000228 t poly1305_process
001d8660 00000008 T mbedtls_poly1305_init
001d8668 00000010 T mbedtls_poly1305_free
001d8678 0000008c T mbedtls_poly1305_starts
001d8704 000000dc T mbedtls_poly1305_update
001d87e0 00000134 T mbedtls_poly1305_finish
001d8914 00000130 t updatewindow
001d8a44 0000005c t inflateStateCheck
001d8aa0 0000009c T inflateResetKeep
001d8b3c 000000d0 T inflateReset2
001d8c0c 000000fc T inflateInit2_
001d8d08 00000010 T inflateInit_
001d8d18 000018cc T inflate
001da5e4 00000060 T inflateEnd
001da644 000004f0 T inflate_table
001dab34 0000000c T zlibVersion
001dab40 00000008 T zcalloc
001dab48 00000008 T zcfree
001dab50 00000360 T adler32_z
001daeb0 00000004 T adler32
001daeb4 0000038c T crc32_z
001db240 00000004 T crc32
001db244 000005b0 T inflate_fast
001db7f4 00000074 T fmodf
001db868 00000264 T sinf
001dbad0 00000258 T log
001dbd28 00000024 t with_errno
001dbd4c 00000028 t xflow
001dbd78 00000010 T __math_uflow
001dbd88 00000010 T __math_oflow
001dbd98 00000048 T __math_divzero
001dbde0 0000001c T __math_invalid
001dbdfc 00000014 T __math_check_uflow
001dbe10 00000028 T __math_check_oflow
001dbe38 00000214 T __ieee754_fmodf
001dc04c 00000024 t with_errnof
001dc070 0000001c T __math_invalidf
001dc08c 000000c0 T ceilf
001dc150 0000025c T cosf
001dc3b0 00000214 T exp
001dc5c4 00000024 t addrMapNodeComparator(rbtree_node const*, rbtree_node const*)
001dc5e8 00000004 t addrMapNodeDestructor(rbtree_node*)
001dc5ec 0000012c T linearMemAlign
001dc718 00000008 T linearAlloc
001dc720 0000005c T linearFree
001dc77c 00000088 T MemPool::CoalesceRight(MemBlock*)
001dc804 00000178 T MemPool::Allocate(MemChunk&, unsigned long, int)
001dc97c 00000118 T MemPool::Deallocate(MemChunk const&)
001dca94 00000030 T MemPool::GetFreeSpace()
001dcac4 00000024 t addrMapNodeComparator(rbtree_node const*, rbtree_node const*)
001dcae8 00000004 t addrMapNodeDestructor(rbtree_node*)
001dcaec 00000248 T vramMemAlignAt
001dcd34 0000000c T vramAlloc
001dcd40 0000000c T vramAllocAt
001dcd4c 00000094 T vramFree
001dcde0 0000009c T fontEnsureMapped
001dce7c 00000100 T fontGlyphIndexFromCodePoint
001dcf7c 00000214 T fontCalcGlyphPos
001dd190 000000cc t gfxPresentFramebuffer
001dd25c 0000001c T gfxIsWide
001dd278 000000f8 T gfxSetScreenFormat
001dd370 000000d8 T gfxInit
001dd448 00000010 T gfxInitDefault
001dd458 000000b8 T gfxExit
001dd510 000000a0 T gfxGetFramebuffer
001dd5b0 00000028 T gfxScreenSwapBuffers
001dd5d8 00000074 T osConvertVirtToPhys
001dd64c 00000054 T osGetTimeRef
001dd6a0 000000ec T osGetTime
001dd78c 00000034 T __ctru_speedup_config
001dd7c0 00000038 T osSetSpeedupEnable
001dd7f8 0000013c T GPUCMD_Add
001dd934 000000b0 T GPUCMD_Split
001dd9e4 00000034 T f32tof16
001dda18 00000034 T f32tof24
001dda4c 00000038 T f32tof31
001dda84 00000010 T GX_BindQueue
001dda94 0000007c T GX_ProcessCommandList
001ddb10 00000074 T GX_MemoryFill
001ddb84 00000074 T GX_DisplayTransfer
001ddbf8 00000064 t gxCmdQueueDoCommands.part.0
001ddc5c 000000e4 T gxCmdQueueInterrupt
001ddd40 00000068 T gxCmdQueueClear
001ddda8 00000108 T gxCmdQueueAdd
001ddeb0 00000080 T gxCmdQueueRun
001ddf30 00000064 T gxCmdQueueStop
001ddf94 000000ac T gxCmdQueueWait
001de040 000001e0 T shaderInstanceInit
001de220 00000018 T shaderInstanceGetUniformLocation
001de238 0000001c T shaderProgramInit
001de254 00000074 T shaderProgramFree
001de2c8 00000094 T shaderProgramSetVsh
001de35c 000008d0 T shaderProgramConfigure
001dec2c 000001dc t DVLE_GenerateOutmap.part.0
001dee08 000001ac T DVLB_ParseFile
001defb4 00000050 T DVLB_Free
001df004 00000074 T DVLE_GetUniformRegister
001df078 00000158 t ndspUpdateMaster
001df1d0 00000108 t ndspFinalize
001df2d8 0000025c t ndspInitialize.part.0
001df534 00000108 t ndspHookCallback
001df640 00000318 t ndspThreadMain
001df958 000003f0 T ndspInit
001dfd48 000000d8 T ndspExit
001dfe20 000000e0 T ndspChnReset
001dff00 00000018 T ndspChnSetFormat
001dff18 00000050 T ndspChnSetPaused
001dff68 00000050 T ndspChnSetInterp
001dffb8 00000060 T ndspChnSetRate
001e0018 00000080 T ndspChnSetMix
001e0098 000000b0 T ndspChnWaveBufClear
001e0148 000000c8 T ndspChnWaveBufAdd
001e0210 00000040 T ndspiInitChn
001e0250 0000002c T ndspiDirtyChn
001e027c 0000043c T ndspiUpdateChn
001e06b8 00000180 T ndspiReadChnState
001e0838 00000180 t aptConvertScreenForCapture
001e09b8 00000138 T aptSendCommand
001e0af0 00000044 t aptExitProcess
001e0b34 00000394 T aptExit
001e0ec8 000000d8 T aptHandleSleep
001e0fa0 00000034 T aptHook
001e0fd4 00000030 T aptUnhook
001e1004 0000001c T aptSetMessageCallback
001e1020 00000084 T APT_SleepIfShellClosed
001e10a4 00000078 T aptSetSleepAllowed
001e111c 00000084 T APT_UnlockTransition
001e11a0 00000470 t aptEventHandler
001e1610 000000bc T APT_ReceiveParameter
001e16cc 000000b0 t aptReceiveParameter.constprop.0
001e1780 00000294 t aptScreenTransfer
001e1a14 000002d0 t aptWaitForWakeUp.isra.0
001e1ce4 00000114 T aptLaunchLibraryApplet
001e1df8 000000f4 T aptJumpToHomeMenu
001e1eec 00000058 T aptMainLoop
001e1f44 00000240 T aptInit
001e2184 0000005c T APT_SendParameter
001e21e0 00000090 T APT_CheckNew3DS
001e2270 00000048 T APT_GetSharedFont
001e22b8 000000a8 T cfguInit
001e2360 0000003c T cfguExit
001e239c 0000004c T CFGU_GetConfigInfoBlk2
001e23e8 000000a4 t DSP_LoadComponent.part.0
001e248c 000000fc T dspInit
001e2588 0000008c T dspExit
001e2614 00000024 T dspHook
001e2638 00000030 T dspUnhook
001e2668 000000b4 T aptDspSleep
001e271c 000000b4 T aptDspWakeup
001e27d0 00000044 T aptDspCancel
001e2814 00000050 T DSP_FlushDataCache
001e2864 00000034 T DSP_SetSemaphore
001e2898 00000034 T DSP_SetSemaphoreMask
001e28cc 00000038 T DSP_GetSemaphoreHandle
001e2904 0000003c T DSP_LoadComponent
001e2940 00000044 T DSP_RegisterInterruptEvents
001e2984 00000078 T DSP_ReadPipeIfPossible
001e29fc 0000004c T DSP_WriteProcessPipe
001e2a48 00000044 T DSP_ConvertProcessAddressFromDspDram
001e2a8c 00000044 T DSP_RecvData
001e2ad0 00000050 T DSP_RecvDataIsReady
001e2b20 00000104 T fsInit
001e2c24 0000003c T fsExit
001e2c60 00000068 T fsExemptFromSession
001e2cc8 00000050 T fsUnexemptFromSession
001e2d18 000000cc T FSUSER_OpenFile
001e2de4 000000cc T FSUSER_OpenFileDirectly
001e2eb0 000000b8 T FSUSER_DeleteFile
001e2f68 000000f4 T FSUSER_RenameFile
001e305c 000000b8 T FSUSER_DeleteDirectory
001e3114 000000d0 T FSUSER_CreateFile
001e31e4 000000c0 T FSUSER_CreateDirectory
001e32a4 000000f4 T FSUSER_RenameDirectory
001e3398 000000b4 T FSUSER_OpenDirectory
001e344c 00000090 T FSUSER_OpenArchive
001e34dc 0000008c T FSUSER_CloseArchive
001e3568 00000074 T FSUSER_GetSdmcArchiveResource
001e35dc 00000064 T FSUSER_IsSdmcWritable
001e3640 00000064 T FSFILE_Read
001e36a4 0000006c T FSFILE_Write
001e3710 00000044 T FSFILE_GetSize
001e3754 00000028 T FSFILE_SetSize
001e377c 0000003c T FSFILE_Close
001e37b8 00000024 T FSFILE_Flush
001e37dc 00000060 T FSDIR_Read
001e383c 0000003c T FSDIR_Close
001e3878 00000c70 t gspHardwareInit
001e44e8 00000288 T gspInit
001e4770 00000104 T gspExit
001e4874 00000010 T gspHasGpuRight
001e4884 000000a4 T gspPresentBuffer
001e4928 00000030 T gspSetEventCallback
001e4958 00000050 T gspWaitForEvent
001e49a8 0000004c T gspWaitForAnyEvent
001e49f4 00000154 t gspEventThreadMain
001e4b48 0000012c T gspSubmitGxCommand
001e4c74 00000050 T GSPGPU_FlushDataCache
001e4cc4 00000034 T GSPGPU_SetLcdForceBlack
001e4cf8 00000084 T GSPGPU_AcquireRight
001e4d7c 00000064 T GSPGPU_ReleaseRight
001e4de0 0000007c T GSPGPU_ImportDisplayCaptureInfo
001e4e5c 0000002c T GSPGPU_SaveVramSysArea
001e4e88 0000002c T GSPGPU_RestoreVramSysArea
001e4eb4 00000024 W hidShouldUseIrrst
001e4ed8 000001cc T hidInit
001e50a4 000000e8 T hidExit
001e518c 000002a0 T hidScanInput
001e542c 00000010 T hidKeysHeld
001e543c 00000010 T hidKeysDown
001e544c 00000018 T hidTouchRead
001e5464 000001a4 T irrstInit
001e5608 000000dc T irrstExit
001e56e4 000000b4 T irrstScanInput
001e5798 00000024 T irrstKeysHeld
001e57bc 00000078 T ptmSysmInit
001e5834 0000003c T ptmSysmExit
001e5870 00000034 T PTMSYSM_ConfigureNew3DSCPU
001e58a4 00000038 T PTMU_GetBatteryLevel
001e58dc 00000038 T PTMU_GetBatteryChargeState
001e5914 00000048 T sslcGenerateRandomData
001e595c 000001e8 T accept
001e5b44 00000174 T bind
001e5cb8 0000003c T _net_convert_error
001e5cf4 00000174 T connect
001e5e68 0000015c T fcntl
001e5fc4 00000024 T freeaddrinfo
001e5fe8 000002cc T getaddrinfo
001e62b4 00000044 T gethostname
001e62f8 0000017c T getpeername
001e6474 0000017c T getsockname
001e65f0 00000088 T inet_ntop
001e6678 00000070 T inet_pton
001e66e8 00000034 t soc_read
001e671c 00000034 t soc_write
001e6750 000000b0 t soc_close
001e6800 00000190 T socInit
001e6990 00000088 T socExit
001e6a18 00000108 T listen
001e6b20 00000248 T poll
001e6d68 00000020 T recv
001e6d88 00000148 T socuipc_cmd7
001e6ed0 00000168 T socuipc_cmd8
001e7038 00000010 T soc_recvfrom
001e7048 000000a4 T recvfrom
001e70ec 00000020 T send
001e710c 0000015c T socuipc_cmd9
001e7268 00000160 T socuipc_cmda
001e73c8 00000010 T soc_sendto
001e73d8 000000a4 T sendto
001e747c 0000016c T socket
001e75e8 00000190 t swkbdMessageCallback
001e7778 00000084 T swkbdInit
001e77fc 00000064 T swkbdSetHintText
001e7860 00000008 T swkbdSetInitialText
001e7868 000003a8 T swkbdInputText
001e7c10 00000074 T rbtree_find
001e7c84 00000010 T rbtree_init
001e7c94 00000198 t do_insert
001e7e2c 00000008 T rbtree_insert
001e7e34 00000310 T rbtree_remove
001e8144 00000090 T rbtree_rotate
001e81d4 00000140 T decode_utf8
001e8314 000000e8 T utf16_to_utf8
001e83fc 000000c0 T utf8_to_utf16
001e84c0 000001e8 W __system_allocateHeaps
001e86a8 00000038 W __libctru_init
001e86e0 0000016c W __system_initArgv
001e884c 00000030 T __syscall_getreent
001e887c 000000c4 T __syscall_clock_gettime
001e8940 00000064 T __syscall_gettod_r
001e89a4 00000004 T __syscall_lock_acquire
001e89a8 00000004 T __syscall_lock_release
001e89ac 00000004 T __syscall_lock_acquire_recursive
001e89b0 00000004 T __syscall_lock_release_recursive
001e89b4 00000004 T __syscall_exit
001e89b8 00000054 T initThreadVars
001e8a0c 00000080 T __system_initSyscalls
001e8a8c T svcControlMemory
001e8aac T svcQueryMemory
001e8adc T svcExitProcess
001e8ae4 T svcCreateThread
001e8b04 T svcExitThread
001e8b0c T svcSleepThread
001e8b14 T svcReleaseMutex
001e8b1c T svcCreateEvent
001e8b30 T svcSignalEvent
001e8b38 T svcClearEvent
001e8b40 T svcCreateMemoryBlock
001e8b58 T svcMapMemoryBlock
001e8b60 T svcUnmapMemoryBlock
001e8b68 T svcCreateAddressArbiter
001e8b7c T svcArbitrateAddressNoTimeout
001e8b84 T svcCloseHandle
001e8b8c T svcWaitSynchronization
001e8b94 T svcWaitSynchronizationN
001e8bbc T svcDuplicateHandle
001e8bd0 T svcGetSystemTick
001e8bd8 T svcConnectToPort
001e8bec T svcSendSyncRequest
001e8bf4 T svcGetResourceLimit
001e8c08 T svcGetResourceLimitLimitValues
001e8c10 T svcGetResourceLimitCurrentValues
001e8c18 T svcBreak
001e8c20 T __aeabi_read_tp
001e8c2c W initSystem
001e8c7c W __ctru_exit
001e8c90 0000008c W envGetHandle
001e8d1c 00000050 W envDestroyHandles
001e8d6c 00000164 T srvInit
001e8ed0 00000064 T srvExit
001e8f34 00000060 T srvEnableNotification
001e8f94 000000a0 T srvGetServiceHandleDirect
001e9034 00000048 T srvGetServiceHandle
001e907c 00000034 T srvSubscribe
001e90b0 00000060 T srvReceiveNotification
001e9110 00000038 T srvPublishToSubscriber
001e9148 0000000c T __sync_init
001e9154 00000018 T __sync_fini
001e916c 00000028 T syncArbitrateAddress
001e9194 0000001c T LightLock_Init
001e91b0 000000ac T LightLock_Lock
001e925c 00000040 T LightLock_Unlock
001e929c 00000054 T RecursiveLock_Lock
001e92f0 00000054 T RecursiveLock_Unlock
001e9344 00000044 T LightEvent_Init
001e9388 000000b8 T LightEvent_Clear
001e9440 000000dc T LightEvent_Signal
001e951c 00000050 T LightEvent_TryWait
001e956c 000000ac T LightEvent_Wait
001e9618 000001fc T threadCreate
001e9814 00000038 T threadFree
001e984c 00000024 T threadJoin
001e9870 00000030 T threadGetCurrent
001e98a0 00000040 T threadExit
001e98e0 00000020 t _thread_begin
001e9900 00000090 t mappableFindAddressWithin
001e9990 00000028 T mappableInit
001e99b8 0000007c T mappableAlloc
001e9a34 00000004 T mappableFree
001e9a38 0000000c T srvPmGetSessionHandle
001e9a44 00000050 T gethostid
001e9a94 00000060 T rbtree_node_next
001e9af4 00000054 T decode_utf16
001e9b48 00000054 T encode_utf16
001e9b9c 000000e0 T encode_utf8
001e9c7c 00000030 W __appExit
001e9cac 00000030 W __appInit
001e9cdc 00000090 W __libctru_exit
001e9d6c 00000024 t error_cmp
001e9d90 00000050 t archive_translate_error
001e9de0 000000c0 t archive_seek
001e9ea0 00000078 t _archiveInit.part.0
001e9f18 00000110 t archiveFindDevice.part.0
001ea028 00000298 t archive_utf16path
001ea2c0 00000098 t _archiveUnmountDeviceStruct.part.0
001ea358 00000178 t _archiveMountDevice
001ea4d0 000000f8 t archive_diropen
001ea5c8 000000ac t archive_fstat
001ea674 00000074 t archive_fsync
001ea6e8 00000074 t archive_close
001ea75c 00000078 t archive_dirclose
001ea7d4 000000ec t sdmc_statvfs
001ea8c0 000000f8 t archive_chdir
001ea9b8 0000008c t archive_ftruncate
001eaa44 000000bc t archive_read
001eab00 000000a8 t archive_unlink
001eaba8 000000c0 t archive_rmdir
001eac68 000000d8 t archive_mkdir
001ead40 000001a0 t archive_stat
001eaee0 00000164 t archive_dirnext
001eb044 0000013c t archive_write
001eb180 00000254 t archive_open
001eb3d4 00000270 t archive_rename
001eb644 000001c8 T archiveMountSdmc
001eb80c 00000054 T archiveUnmountAll
001eb860 0000002c T __aeabi_d2lz
001eb860 0000002c T __fixdfdi
001eb890 00000040 T __aeabi_d2ulz
001eb890 00000040 T __fixunsdfdi
001eb8d0 00000130 T __udivmoddi4
001eba00 000000e4 T strncat
001ebae4 00000034 T ftell
001ebb18 00000028 T fstat
001ebb40 00000024 T getenv
001ebb64 00000078 T sscanf
001ebbdc 00000130 t critical_factorization
001ebd0c 0000033c t two_way_long_needle
001ec048 00000238 T strstr
001ec280 00000128 T memcpy
001ec3a8 0000005c T __assert_func
001ec404 0000008c T strlen
001ec490 00000334 T _fread_r
001ec7c4 00000038 T fread
001ec7fc 00000078 T bsearch
001ec874 000000b8 T fputc
001ec92c 00000040 T open
001ec96c 00000050 t get_arg
001ec9bc 00002b88 T __ssvfscanf_r
001ef544 00000134 T _fopen_r
001ef678 00000028 T fopen
001ef6a0 00000008 T atof
001ef6a8 00000060 t sulp
001ef708 00001428 T _strtod_l
001f0b30 00000044 T _strtod_r
001f0b74 00000048 T strtod
001f0bbc 00000020 T close
001f0bdc 0000001c T gmtime
001f0bf8 00000028 T memalign
001f0c20 00000264 t _strtoull_l.isra.0
001f0e84 00000038 T _strtoull_r
001f0ebc 00000068 T strcasecmp
001f0f24 00000028 T gettimeofday
001f0f4c 000000f4 t rshift
001f1040 000008b4 T __gethex
001f18f4 000000a0 T snprintf
001f1994 000000c0 T fileno
001f1a54 000001ec t _strtoul_l.isra.0
001f1c40 00000038 T _strtoul_r
001f1c78 0000003c T strtoul
001f1cb4 00000010 T ctime
001f1cc4 0000003c T fiprintf
001f1d00 000000c4 T _mbrtowc_r
001f1dc4 00000094 T strncasecmp
001f1e58 00000140 T strchr
001f1f98 000000d8 T memcmp
001f2070 00000198 T _fgets_r
001f2208 00000030 T fgets
001f2238 00000028 T calloc
001f2260 00000048 T access
001f22a8 000000f8 T __sccl
001f23a0 00000410 T _strerror_r
001f27b0 0000016c T _memalign_r
001f291c 0000000c T __errno
001f2928 00000014 T abort
001f293c 00000164 T __smakebuf_r
001f2aa0 00000030 T lseek
001f2ad0 0000047c t _strtoll_l.isra.0
001f2f4c 00000038 T _strtoll_r
001f2f84 0000003c T strtoll
001f2fc0 000000f0 T strcpy
001f30b0 00000024 T __locale_mb_cur_max
001f30d4 000000e4 T memset
001f31b8 000000d8 T _calloc_r
001f3290 0000022c T __sflush_r
001f34bc 000000c4 T _fflush_r
001f3580 00000044 T fflush
001f35c4 00000088 T _vsnprintf_r
001f364c 00000038 T vsnprintf
001f3684 00000104 T _fwrite_r
001f3788 00000038 T fwrite
001f37c0 00000028 T realloc
001f37e8 00000080 T strcspn
001f3868 000008e8 T qsort
001f4150 000001c4 T _ftello_r
001f4314 00000150 T _fdopen_r
001f4464 00000028 T fdopen
001f448c 000000fc T _putc_r
001f4588 0000082c T _malloc_r
001f4db4 00000124 T __swbuf_r
001f4ed8 00000010 T getpid
001f4ee8 00000114 T _malloc_trim_r
001f4ffc 00000314 T _free_r
001f5310 0000005c T strspn
001f536c 00000050 t get_arg
001f53bc 000000e4 T _sungetc_r
001f54a0 0000006c T __ssrefill_r
001f550c 000000b4 T _sfread_r
001f55c0 000022c4 T __ssvfiscanf_r
001f7884 0000001c t stdio_exit_handler
001f78a0 0000005c t cleanup_stdio
001f78fc 00000154 t global_stdio_init.part.0
001f7a50 00000138 T __sfp
001f7b88 0000005c T __sinit
001f7be4 0000000c T __sfp_lock_acquire
001f7bf0 0000000c T __sfp_lock_release
001f7bfc 0000000c T atoi
001f7c08 00000384 t _strtol_l.part.0
001f7f8c 0000006c T _strtol_r
001f7ff8 00000074 T strtol
001f806c 00000084 T __libc_init_array
001f80f0 00000028 T rename
001f8118 000000d4 T strncpy
001f81ec 0000001c T _fseek_r
001f8208 00000034 T fseek
001f823c 00000040 T malloc
001f827c 00000020 T free
001f829c 000000e8 T memchr
001f8384 00000028 T _wcsrtombs_r
001f83ac 00000048 T strrchr
001f83f4 00000030 T write
001f8424 00000140 T __swsetup_r
001f8564 000000e0 T _puts_r
001f8644 00000020 T puts
001f8664 000000dc T _findenv_r
001f8740 00000018 T _getenv_r
001f8758 00000070 T stpcpy
001f87c8 00000024 T _localeconv_r
001f87ec 00000044 T __sread
001f8830 00000008 T __seofread
001f8838 00000068 T __swrite
001f88a0 00000040 T __sseek
001f88e0 00000008 T __sclose
001f88e8 000001a8 T memmove
001f8a90 000004f0 T _realloc_r
001f8f80 0000001c T asctime
001f8f9c 0000001c T localtime
001f8fb8 00000020 T strdup
001f8fd8 0000000c T __malloc_lock
001f8fe4 0000000c T __malloc_unlock
001f8ff0 00000588 T _fseeko_r
001f9578 00000030 T fseeko
001f95a8 00000148 T _fclose_r
001f96f0 00000020 T fclose
001f9710 00000048 T time
001f9758 0000003c T fprintf
001f9794 00000030 T read
001f97c4 00000008 T _user_strerror
001f97cc 00000004 W __call_exitprocs
001f97d0 00000030 T exit
001f9800 000005e0 t get_arg
001f9de0 0000345c T _svfprintf_r
001fd23c 000000b8 T __sflags
001fd2f4 00000028 T stat
001fd31c 00000080 T asctime_r
001fd39c 000000f8 T __utf8_wctomb
001fd494 0000003c T __libc_fini_array
001fd4d0 0000003c T strnlen
001fd50c 0000025c T gmtime_r
001fd768 000005e0 t get_arg
001fdd48 000022f8 T _vfiprintf_r
00200040 000000b4 t __sbprintf
002000f4 000000d8 T strncmp
002001cc 000000a0 T __xpg_strerror_r
0020026c 0000015c T _wcsnrtombs_l
002003c8 00000064 T _wcsnrtombs_r
0020042c 00000070 T __match
0020049c 000002a8 T __hexnan
00200744 00000068 T sprintf
002007ac 000000bc T __strtok_r
00200868 00000008 T strtok_r
00200870 00000140 t iso_year_adjust
002009b0 00001118 t __strftime.isra.0
00201ac8 00000038 T strftime
00201b00 00000020 T unlink
00201b20 00000038 t lflush
00201b58 000001a8 T __srefill_r
00201d00 00000010 T nan
00201d10 0000000c T nanf
00201d20 00000088 T frexp
00201da8 000000dc T stpncpy
00201e84 0000000c T __env_lock
00201e90 0000000c T __env_unlock
00201e9c 00000054 T _strdup_r
00201ef0 00000008 T iswspace
00201ef8 00000088 T _Balloc
00201f80 0000001c T _Bfree
00201f9c 000000f4 T __multadd
00202090 0000010c T __s2b
0020219c 00000080 T __hi0bits
0020221c 000000f0 T __lo0bits
0020230c 000000a4 T __i2b
002023b0 00000230 T __multiply
002025e0 00000130 T __pow5mult
00202710 00000138 T __lshift
00202848 00000058 T __mcmp
002028a0 00000218 T __mdiff
00202ab8 00000068 T __ulp
00202b20 000000d4 T __b2d
00202bf4 00000120 T __d2b
00202d14 00000078 T __ratio
00202d8c 0000008c T __copybits
00202e18 0000005c T __any_on
00202e74 0000000c T abs
00202e80 00000070 T _fwalk_sglue
00202ef0 000005e0 t get_arg
002034d0 00003554 T _vfprintf_r
00206a24 000000b4 t __sbprintf
00206ad8 000000a0 T _wcrtomb_r
00206b78 000005e0 t get_arg
00207158 0000226c T _svfiprintf_r
002093c4 000000b8 T __submore
0020947c 000000a4 T __ssprint_r
00209520 00000340 T __utf8_mbtowc
00209860 000004a4 T __sfvwrite_r
00209d04 0000000c T __tz_lock
00209d10 0000000c T __tz_unlock
00209d1c 0000009c T _raise_r
00209db8 00000020 T raise
00209dd8 00000068 T siprintf
00209e40 0000000c T labs
00209e4c 00000030 T __sprint_r
00209e7c 0000035c T localtime_r
0020a1d8 00000258 T __tzcalc_limits
0020a430 000001c0 t quorem
0020a5f0 00001420 T _dtoa_r
0020ba10 00000010 T _tzset_unlocked
0020ba20 0000000c T __gettzinfo
0020ba2c 00000038 T iswspace_l
0020ba64 0000012c T __ssputs_r
0020bb90 00000648 T _tzset_unlocked_r
0020c1d8 000000a0 T sniprintf
0020c278 00000090 T category
0020c308 00000078 T siscanf
0020c380 00000020 T _exit
0020c3a0 00000140 T chdir
0020c4e0 00000034 T clock_gettime
0020c514 000001c8 T _concatenate_path
0020c6dc 00000070 t __dirnext
0020c74c 00000114 T opendir
0020c860 00000098 T closedir
0020c8f8 000000f8 T readdir_r
0020c9f0 00000048 T readdir
0020ca38 00000080 T fchmod
0020cab8 00000464 T fnmatch
0020cf1c 0000009c T _fstat_r
0020cfb8 00000014 T _getpid_r
0020cfcc 0000002c T __getreent
0020cff8 00000030 T _gettimeofday_r
0020d028 000000a0 T __release_handle
0020d0c8 000000b0 T __alloc_handle
0020d178 00000058 T __get_handle
0020d1d0 00000110 T _close_r
0020d2e0 00000008 t null_write
0020d2e8 00000018 T setDefaultDevice
0020d300 00000098 T FindDevice
0020d398 00000024 T RemoveDevice
0020d3bc 00000088 T AddDevice
0020d444 00000020 T GetDeviceOpTab
0020d464 00000008 T _isatty_r
0020d46c 00000014 T _kill_r
0020d480 00000094 T _lseek_r
0020d514 00000068 T mkdir
0020d57c 0000001c W sched_yield
0020d598 000000c0 T _open_r
0020d658 00000094 T _read_r
0020d6ec 00000088 T _rename_r
0020d774 00000078 W _sbrk_r
0020d7ec 00000080 T _stat_r
0020d86c 0000001c T __libc_lock_acquire
0020d888 0000001c T __libc_lock_release
0020d8a4 0000001c T __libc_lock_acquire_recursive
0020d8c0 0000001c T __libc_lock_release_recursive
0020d8dc 00000078 T _unlink_r
0020d954 00000094 T _write_r
0020d9e8 T _fini
0020e084 00000010 r __func__.5
0020e094 0000001f r __func__.0
0020e0b4 0000001b r __func__.12
0020e0d0 00000005 r first_row_filter
0020e0d8 00000009 r stbi__depth_scale_table
0020e0e4 00000013 r length_dezigzag.2
0020e0f8 0000001f r __func__.4
0020e118 00000120 r stbi__zdefault_length
0020e238 00000020 r stbi__zdefault_distance
0020e258 0000007c r stbi__zlength_base
0020e2d4 0000007c r stbi__zlength_extra
0020e350 00000080 r stbi__zdist_base
0020e3d0 00000080 r stbi__zdist_extra
0020e450 00000044 r stbi__bmask
0020e494 00000017 r __func__.16
0020e4ac 00000015 r __func__.15
0020e4c4 00000040 r stbi__jbias
0020e504 0000004f r stbi__jpeg_dezigzag
0020e554 00000005 r tag.19
0020e55c 00000006 r tag.18
0020e564 00000003 r rgb.17
0020e568 00000008 r png_sig.14
0020e5e0 0000001d r __func__.11
0020e600 0000001b r __func__.10
0020e61c 00000010 r __func__.9
0020e62c 00000015 r __func__.8
0020e644 00000017 r __func__.7
0020e65c 00000021 r __func__.6
0020e680 0000000c r stbi__stdio_callbacks
0020e68c 00000020 r __func__.20
0020e8d0 00000017 r __func__.21
0020e8e8 00000017 r __func__.20
0020e900 00000017 r __func__.22
0020e918 00000016 r __func__.52
0020e930 00000400 r drflac__crc32_table
0020ed30 00000014 r __func__.50
0020ed44 00000015 r __func__.13
0020ed5c 00000014 r __func__.48
0020ed70 00000200 r drflac__crc16_table
0020ef70 00000015 r __func__.44
0020ef88 00000013 r __func__.42
0020ef9c 00000014 r __func__.41
0020efb0 00000100 r drflac__crc8_table
0020f0e8 0000001f r __func__.8
0020f108 00000018 r __func__.6
0020f120 00000032 r __func__.47
0020f154 00000014 r __func__.30
0020f168 0000003d r __func__.37
0020f1a8 0000001b r __func__.36
0020f1c4 00000033 r __func__.38
0020f1f8 00000020 r __func__.35
0020f218 00000020 r __func__.34
0020f238 00000025 r __func__.39
0020f260 00000030 r __func__.33
0020f290 00000028 r __func__.17
0020f2b8 0000001b r __func__.18
0020f2d4 0000001b r __func__.16
0020f2f0 0000001b r __func__.15
0020f30c 0000002f r __func__.4
0020f33c 0000008d r CSWTCH.615
0020f3cc 00000022 r __func__.51
0020f3f0 0000000d r __func__.19
0020f400 0000001e r __func__.12
0020f420 00000014 r CSWTCH.182
0020f4ec 00000008 r s_defaultTint.0
00211188 r .LC65
00216e54 r .LC6
00222d14 r .LC2
002292bc 00000014 r CSWTCH.170
002292dc R render2d_shbin
00229468 00000004 r depthFmtSizes
00229468 R render2d_shbin_end
0022946c 00000005 r colorFmtSizes
00229474 00000010 r CSWTCH.11
00229484 00000038 r CSWTCH.19
002294bc 00000037 r hextable
002294f4 0000000c r mimetable.0
00229500 00000010 r formtable.1
00229510 00000050 r ctts.2
00229560 00000006 r strnil.0
00229568 00000006 r null.1
00229570 00000025 r upper_digits
00229598 00000025 r lower_digits
002295c0 00000010 r tv_zero.1
002295d0 00000030 r month_days_cumulative.0
00229600 0000033c r tz
0022993c 0000001c r weekday
00229958 00000030 R Curl_month
00229988 0000001c R Curl_wkday
002299a4 0000003f r alnum
002299e4 00000018 r client_cew
00229a00 00000010 r tv_zero.1
00229a10 00000010 r KEY_NOTUSED.2
00229a20 00000100 r tolowermap
00229b20 00000100 r touppermap
00229c20 00000004 r CSWTCH.283
00229c24 00000054 r protocols
00229c78 00000021 r badbytes.0
00229c9c 00000011 r hexdigits
00229cb0 00000074 r Curl_ssl_multi
00229d24 00000024 r ALPN_SPEC_H11
00229d48 00000024 r ALPN_SPEC_H10
00229d6c 00000064 r CSWTCH.106
00229dd0 00000042 r base64encdec
00229e14 00000018 r error_encoding
00229e2c 00000010 r encodings
00229e3c 00000018 r identity_encoding
00229e54 00000018 r gzip_encoding
00229e6c 00000018 r deflate_encoding
00229e84 00000020 r badoctets.0
00229ea4 00000015 r s_infotype.0
00229ebc 00000050 R Curl_handler_dict
00229f0c 00000050 R Curl_handler_file
00229f5c 0000000a r mode.0
00229f68 0000000a r mode.1
00229f74 00000008 r ftpauth.2
00229f7c 00000050 R Curl_handler_ftps
00229fcc 00000050 R Curl_handler_ftp
0022a01c 00000050 R Curl_handler_gophers
0022a06c 00000050 R Curl_handler_gopher
0022a0bc 0000000c r CSWTCH.208
0022a0c8 0000000c r CSWTCH.207
0022a0d4 00000050 R Curl_handler_https
0022a124 00000050 R Curl_handler_http
0022a174 00000018 r CSWTCH.4
0022a18c 00000024 r saslimap
0022a1b0 00000050 R Curl_handler_imaps
0022a200 00000050 R Curl_handler_imap
0022a250 00000014 R Curl_DIGEST_MD5
0022a264 00000018 R Curl_HMAC_MD5
0022a27c 00000050 R Curl_handler_mqtt
0022a2cc 00000024 r saslpop3
0022a2f0 00000050 R Curl_handler_pop3s
0022a340 00000050 R Curl_handler_pop3
0022a390 00000050 R Curl_handler_rtsp
0022a3e0 00000018 R Curl_HMAC_SHA256
0022a3f8 00000050 R Curl_handler_smbs
0022a448 00000050 R Curl_handler_smb
0022a498 00000024 r saslsmtp
0022a4bc 00000050 R Curl_handler_smtps
0022a50c 00000050 R Curl_handler_smtp
0022a55c 00000009 r lookup.0
0022a568 0000007c r CSWTCH.7
0022a5e4 00000190 r CSWTCH.1
0022a774 00000050 R Curl_handler_telnet
0022a7c4 00000050 r telnetcmds
0022a814 000000a0 r telnetoptions
0022a8b4 00000050 R Curl_handler_tftp
0022a904 00000074 R Curl_ssl_mbedtls
0022a978 00000010 r mbedtls_x509_crt_profile_fr
0022a988 00000008 r magic.0
0022a990 00000090 r mechtable
0022aa20 00000038 r errors
0022aa58 00000001 r hmac_opad
0022aa59 00000001 r hmac_ipad
0022aa68 00000010 r __func__.0
0022aa78 00000010 r __func__.1
0022aa88 0000001b r __func__.2
0022aaa8 00000030 r my_encodings
0022aad8 00000024 r my_rates
0022aafc 00000015 r __func__.0
0022ab14 0000001b r __func__.0
0022ab38 00000008 r __func__.1
0022ab40 0000000d r __func__.2
0022ab50 0000000e r __func__.3
0022ab60 00000008 r __func__.4
0022ab68 0000001b r __func__.5
0022ab84 0000000e r __func__.6
0022ab94 0000000a r __func__.7
0022aba0 00000024 r freqs
0022abc4 00000180 r tabsel_123
0022ad44 0000000e r __func__.0
0022ad54 00000014 r __func__.2
0022ad68 0000001f r __func__.3
0022ad88 00000012 r __func__.4
0022ad9c 00000016 r __func__.5
0022adb4 00000019 r __func__.6
0022add0 00000017 r __func__.7
0022adec 00000010 r CSWTCH.49
0022adfc 00000010 r __func__.0
0022ae0c 0000000d r __func__.1
0022ae1c 0000000e r __func__.2
0022ae2c 0000000f r __func__.3
0022ae3c 00000010 r __func__.4
0022ae4c 00000015 r __func__.5
0022ae64 0000000c r __func__.6
0022ae70 00000011 r __func__.7
0022ae84 00000013 r __func__.8
0022ae98 00000010 r encoding_widths
0022aea8 00000010 r text_converters
0022aeb8 00000019 r frame_type
0022aed4 00000015 r __func__.0
0022aeec 0000000d r __func__.1
0022aefc 0000001b r __func__.2
0022af18 00000100 r synth_base
0022b018 00000054 r decname
0022b06c 00000006 r dn_nodec
0022b074 0000000c r dn_sse_vintage
0022b080 00000011 r dn_dreidnowext_vintage
0022b094 0000000e r dn_dreidnow_vintage
0022b0a4 00000004 r dn_avx
0022b0a8 00000007 r dn_neon64
0022b0b0 00000005 r dn_neon
0022b0b8 00000004 r dn_arm
0022b0bc 00000007 r dn_x86_64
0022b0c4 00000004 r dn_sse
0022b0c8 00000008 r dn_altivec
0022b0d0 00000009 r dn_dreidnowext
0022b0dc 00000006 r dn_dreidnow
0022b0e4 00000004 r dn_mmx
0022b0e8 0000000c r dn_ifuenf_dither
0022b0f4 00000005 r dn_ifuenf
0022b0fc 00000005 r dn_ivier
0022b104 00000005 r dn_idrei
0022b10c 0000000f r dn_generic_dither
0022b11c 00000008 r dn_generic
0022b124 00000005 r dn_autodec
0022b12c 0000000d r __func__.1
0022b13c 0000000d r __func__.2
0022b14c 00000012 r __func__.3
0022b160 00000011 r __func__.4
0022b174 00000011 r __func__.5
0022b188 0000001c r __func__.0
0022b1a4 00000404 r intwinbase
0022b5a8 00000004 r cos4
0022b5ac 00000008 r cos8
0022b5b4 00000010 r cos16
0022b5c4 00000020 r cos32
0022b5e4 00000040 r cos64
0022b624 00000008 r __func__.0
0022b62c 0000000b r __func__.1
0022b638 0000000d r __func__.2
0022b648 0000000b r __func__.3
0022b654 00000011 r __func__.4
0022b668 00000008 r __func__.0
0022b670 0000000c r __func__.1
0022b67c 00000011 r __func__.2
0022b690 00000c00 r grp_9tab
0022c290 00000180 r grp_5tab
0022c410 00000060 r grp_3tab
0022c470 00001b00 r layer12_table
0022df70 00000310 r alloc_4
0022e280 000001c0 r alloc_3
0022e440 00000140 r alloc_2
0022e580 000004b0 r alloc_1
0022ea30 00000480 r alloc_0
0022eeb0 00000016 r __func__.0
0022eec8 00000008 r __func__.1
0022eed0 00000012 r __func__.2
0022eee4 00000011 r __func__.3
0022eef8 000003de r bandInfo
0022f2d8 00000200 r i_slen2
0022f4d8 00000400 r n_slen2
0022f8d8 0000006c r mapend
0022f944 0000006c r map
0022f9b0 00000318 r mapbuf2
0022fcc8 00000af8 r mapbuf1
002307c0 00000ab0 r mapbuf0
00231270 00000100 r pow2_2
00231370 00000100 r pow1_2
00231470 00000100 r pow2_1
00231570 00000100 r pow1_1
00231670 00000040 r tan2_2
002316b0 00000040 r tan1_2
002316f0 00000040 r tan2_1
00231730 00000040 r tan1_1
00231770 00000240 r win1
002319b0 00000240 r win
00231bf0 0000803c r ispow
00239c2c 00000010 r htc
00239c3c 00000100 r ht
00239d3c 0000003e r tab_c1
00239d7c 0000003e r tab_c0
00239dbc 00000800 r tab24_
0023a5bc 00000820 r tab16_
0023addc 000007e0 r tab15_
0023b5bc 000007e0 r tab13_
0023bd9c 000001e0 r tab12_
0023bf7c 000001e0 r tab11_
0023c15c 00000220 r tab10_
0023c37c 00000100 r tab9_
0023c47c 00000100 r tab8_
0023c57c 00000120 r tab7_
0023c69c 00000080 r tab6_
0023c71c 00000060 r tab5_
0023c77c 00000060 r tab3_
0023c7dc 00000060 r tab2_
0023c83c 00000020 r tab1_
0023c85c 00000020 r tab0_
0023c888 00001280 r ciphersuite_definitions
0023db08 00000340 r ciphersuite_preference
0023de74 00000010 r CSWTCH.83
0023de84 00000003 r ssl_preset_suiteb_curves
0023de88 0000000c r ssl_preset_suiteb_hashes
0023de94 0000000c r ssl_preset_suiteb_ciphersuites
0023dea0 00000014 r ssl_preset_default_hashes
0023df84 00000010 R mbedtls_x509_crt_profile_suiteb
0023df94 00000010 R mbedtls_x509_crt_profile_default
0023dfa8 000002a0 r small_prime
0023e258 000001b8 R mbedtls_cipher_definitions
0023e410 0000001c r chachapoly_info
0023e42c 00000030 r chachapoly_base_info
0023e45c 0000001c r chacha20_info
0023e478 00000030 r chacha20_base_info
0023e4a8 0000001c r arc4_128_info
0023e4c4 00000030 r arc4_base_info
0023e4f4 0000001c r blowfish_ctr_info
0023e510 0000001c r blowfish_cfb64_info
0023e52c 0000001c r blowfish_cbc_info
0023e548 0000001c r blowfish_ecb_info
0023e564 00000030 r blowfish_info
0023e594 0000001c r des_ede3_cbc_info
0023e5b0 0000001c r des_ede3_ecb_info
0023e5cc 00000030 r des_ede3_info
0023e5fc 0000001c r des_ede_cbc_info
0023e618 0000001c r des_ede_ecb_info
0023e634 00000030 r des_ede_info
0023e664 0000001c r des_cbc_info
0023e680 0000001c r des_ecb_info
0023e69c 00000030 r des_info
0023e6cc 0000001c r camellia_256_ccm_info
0023e6e8 0000001c r camellia_192_ccm_info
0023e704 0000001c r camellia_128_ccm_info
0023e720 00000030 r ccm_camellia_info
0023e750 0000001c r camellia_256_gcm_info
0023e76c 0000001c r camellia_192_gcm_info
0023e788 0000001c r camellia_128_gcm_info
0023e7a4 00000030 r gcm_camellia_info
0023e7d4 0000001c r camellia_256_ctr_info
0023e7f0 0000001c r camellia_192_ctr_info
0023e80c 0000001c r camellia_128_ctr_info
0023e828 0000001c r camellia_256_cfb128_info
0023e844 0000001c r camellia_192_cfb128_info
0023e860 0000001c r camellia_128_cfb128_info
0023e87c 0000001c r camellia_256_cbc_info
0023e898 0000001c r camellia_192_cbc_info
0023e8b4 0000001c r camellia_128_cbc_info
0023e8d0 0000001c r camellia_256_ecb_info
0023e8ec 0000001c r camellia_192_ecb_info
0023e908 0000001c r camellia_128_ecb_info
0023e924 00000030 r camellia_info
0023e954 0000001c r aes_256_ccm_info
0023e970 0000001c r aes_192_ccm_info
0023e98c 0000001c r aes_128_ccm_info
0023e9a8 00000030 r ccm_aes_info
0023e9d8 0000001c r aes_256_gcm_info
0023e9f4 0000001c r aes_192_gcm_info
0023ea10 0000001c r aes_128_gcm_info
0023ea2c 00000030 r gcm_aes_info
0023ea5c 0000001c r aes_256_xts_info
0023ea78 0000001c r aes_128_xts_info
0023ea94 00000030 r xts_aes_info
0023eac4 0000001c r aes_256_ctr_info
0023eae0 0000001c r aes_192_ctr_info
0023eafc 0000001c r aes_128_ctr_info
0023eb18 0000001c r aes_256_ofb_info
0023eb34 0000001c r aes_192_ofb_info
0023eb50 0000001c r aes_128_ofb_info
0023eb6c 0000001c r aes_256_cfb128_info
0023eb88 0000001c r aes_192_cfb128_info
0023eba4 0000001c r aes_128_cfb128_info
0023ebc0 0000001c r aes_256_cbc_info
0023ebdc 0000001c r aes_192_cbc_info
0023ebf8 0000001c r aes_128_cbc_info
0023ec14 0000001c r aes_256_ecb_info
0023ec30 0000001c r aes_192_ecb_info
0023ec4c 0000001c r aes_128_ecb_info
0023ec68 00000030 r aes_info
0023ec98 00000080 r odd_parity_table
0023ed18 00000040 r RHs
0023ed58 00000040 r LHs
0023ed98 00000100 r SB8
0023ee98 00000100 r SB7
0023ef98 00000100 r SB6
0023f098 00000100 r SB5
0023f198 00000100 r SB4
0023f298 00000100 r SB3
0023f398 00000100 r SB2
0023f498 00000100 r SB1
0023f598 0000000c r ecp_x25519_bad_point_2
0023f5a4 0000000c r ecp_x25519_bad_point_1
0023f5b0 00000020 r x25519_bad_point_2
0023f5d0 00000020 r x25519_bad_point_1
0023f5f0 000000a8 r ecp_supported_curves
0023f6b4 00000004 r one.0
0023f6b8 00000008 r Rp.1
0023f6c0 00000008 r Rp.2
0023f6c8 00000008 r Rp.3
0023f6d0 0000001c r curve448_part_of_n
0023f6ec 00000010 r curve25519_part_of_n
0023f6fc 00000040 r brainpoolP512r1_n
0023f73c 00000040 r brainpoolP512r1_gy
0023f77c 00000040 r brainpoolP512r1_gx
0023f7bc 00000040 r brainpoolP512r1_b
0023f7fc 00000040 r brainpoolP512r1_a
0023f83c 00000040 r brainpoolP512r1_p
0023f87c 00000030 r brainpoolP384r1_n
0023f8ac 00000030 r brainpoolP384r1_gy
0023f8dc 00000030 r brainpoolP384r1_gx
0023f90c 00000030 r brainpoolP384r1_b
0023f93c 00000030 r brainpoolP384r1_a
0023f96c 00000030 r brainpoolP384r1_p
0023f99c 00000020 r brainpoolP256r1_n
0023f9bc 00000020 r brainpoolP256r1_gy
0023f9dc 00000020 r brainpoolP256r1_gx
0023f9fc 00000020 r brainpoolP256r1_b
0023fa1c 00000020 r brainpoolP256r1_a
0023fa3c 00000020 r brainpoolP256r1_p
0023fa5c 00000020 r secp256k1_n
0023fa7c 00000020 r secp256k1_gy
0023fa9c 00000020 r secp256k1_gx
0023fabc 00000004 r secp256k1_b
0023fac0 00000004 r secp256k1_a
0023fac4 00000020 r secp256k1_p
0023fae4 00000020 r secp224k1_n
0023fb04 0000001c r secp224k1_gy
0023fb20 0000001c r secp224k1_gx
0023fb3c 00000004 r secp224k1_b
0023fb40 00000004 r secp224k1_a
0023fb44 0000001c r secp224k1_p
0023fb60 00000018 r secp192k1_n
0023fb78 00000018 r secp192k1_gy
0023fb90 00000018 r secp192k1_gx
0023fba8 00000004 r secp192k1_b
0023fbac 00000004 r secp192k1_a
0023fbb0 00000018 r secp192k1_p
0023fbc8 00000044 r secp521r1_n
0023fc0c 00000044 r secp521r1_gy
0023fc50 00000044 r secp521r1_gx
0023fc94 00000044 r secp521r1_b
0023fcd8 00000044 r secp521r1_p
0023fd1c 00000030 r secp384r1_n
0023fd4c 00000030 r secp384r1_gy
0023fd7c 00000030 r secp384r1_gx
0023fdac 00000030 r secp384r1_b
0023fddc 00000030 r secp384r1_p
0023fe0c 00000020 r secp256r1_n
0023fe2c 00000020 r secp256r1_gy
0023fe4c 00000020 r secp256r1_gx
0023fe6c 00000020 r secp256r1_b
0023fe8c 00000020 r secp256r1_p
0023feac 0000001c r secp224r1_n
0023fec8 0000001c r secp224r1_gy
0023fee4 0000001c r secp224r1_gx
0023ff00 0000001c r secp224r1_b
0023ff1c 00000020 r secp224r1_p
0023ff3c 00000018 r secp192r1_n
0023ff54 00000018 r secp192r1_gy
0023ff6c 00000018 r secp192r1_gx
0023ff84 00000018 r secp192r1_b
0023ff9c 00000018 r secp192r1_p
002400a8 00000080 r last4
0024015c 0000001c r CSWTCH.2
00240178 00000020 r supported_digests
00240198 00000008 R mbedtls_sha512_info
002401a0 00000008 R mbedtls_sha384_info
002401a8 00000008 R mbedtls_sha256_info
002401b0 00000008 R mbedtls_sha224_info
002401b8 00000008 R mbedtls_sha1_info
002401c0 00000008 R mbedtls_ripemd160_info
002401c8 00000008 R mbedtls_md5_info
002401d0 0000003c r oid_pkcs12_pbe_alg
0024020c 00000078 r oid_md_hmac
00240284 000000a0 r oid_md_alg
00240324 0000003c r oid_cipher_alg
00240360 000000f0 r oid_ecp_grp
00240450 00000050 r oid_pk_alg
002404a0 00000118 r oid_sig_alg
002405b8 00000080 r oid_ext_key_usage
00240638 0000008c r oid_x509_ext
002406c4 00000190 r oid_x520_attr_type
00240854 00000010 r CSWTCH.6
00240864 00000030 R mbedtls_ecdsa_info
00240894 00000030 R mbedtls_eckeydh_info
002408c4 00000030 R mbedtls_eckey_info
002408f4 00000030 R mbedtls_rsa_info
00240924 00000004 r memset_func
00240928 00000040 r ripemd160_padding
00240968 00000100 r K
00240a68 00000280 r K
00240ce8 00001000 r S
00241ce8 00000048 r P
00241d30 00000028 r transposes
00241d58 000000a0 r indexes
00241df8 00000020 r shifts
00241e18 00000100 r FSb4
00241f18 00000100 r FSb3
00242018 00000100 r FSb2
00242118 00000100 r FSb
00242218 00000030 r SIGMA_CHARS
00242288 00000080 r distfix.0
00242308 00000800 r lenfix.1
00242b08 00000026 r order.2
00242b30 00000040 r dext.0
00242b70 00000040 r dbase.1
00242bb0 0000003e r lext.2
00242bf0 0000003e r lbase.3
00242c30 00001000 r crc_braid_table
00243c30 00000400 r crc_table
00244030 00000008 r Zero
00244038 00000060 R __inv_pio4
00244098 000000e0 R __sincosf_table
00244178 00000870 R __exp_data
002449e8 00001090 R __log_data
00245a84 00000011 r dsp_filename.0
00245ab4 00000008 r morton_y.2
00245abc 00000008 r morton_x.3
00245ac4 00000008 r s_sleepWakeEvents.4
00245acc 0000000c r serviceNameTable.5
00245ad8 0000004d r _net_error_code_map
00245b28 00000030 r error_table
00245b58 00000080 r archive_devoptab
00245d2c 00000022 r basefix.0
00245db0 00000014 r fpinan.0
00245dc4 00000014 r fpi.1
00245dd8 00000028 r tinytens
00245e00 00000100 R __hexdig
00246010 00000022 r basefix.0
0024611c 00000010 r zeroes.0
0024612c 00000010 r blanks.1
0024613c 00000024 r mon_name.0
00246160 00000015 r day_name.1
00246260 00000010 r zeroes.0
00246270 00000010 r blanks.1
00246280 00000101 R _ctype_
00246430 0000000c r p05.0
00246440 00000028 R __mprec_bigtens
00246468 000000c8 R __mprec_tens
0024661c 00000010 r zeroes.0
0024662c 00000010 r blanks.1
00246728 00000010 r zeroes.0
00246738 00000010 r blanks.1
00246748 0000006c R __action_table
002467b4 0000006c R __state_table
00246820 00000100 R __chclass
00246928 000000fc R _C_time_locale
00246a24 00000060 R __month_lengths
00246a84 000037f8 r categories
0024a27c 00000080 R dotab_stdnull
0024a2fc R __tdata_align
0024a300 r __EH_FRAME_BEGIN__
0024a300 R __exidx_end
0024a300 R __exidx_start
0024b000 00000004 d stbi__l2h_gamma
0024b004 00000004 d stbi__l2h_scale
0024b008 00000019 d invalid_chunk.13
0024b024 00000050 d lpcCoefficientsTable.40
0024b074 00000001 d s_initial_buffering
0024b078 00000004 d s_volume
0024b07c 00000001 d s_quality_tier
0024b080 00000004 d s_current_track_idx
0024b084 00000001 d s_auto_advance
0024b085 00000001 d s_screen
0024b088 00000004 d s_status_color
0024b08c 00000001 d s_prev_screen
0024b090 0000000c d global_hooks
0024b09c 00000008 d framerateCounter
0024b0a4 00000004 d framerate
0024b0a8 00000004 D Curl_ccalloc
0024b0ac 00000004 D Curl_cstrdup
0024b0b0 00000004 D Curl_crealloc
0024b0b4 00000004 D Curl_cfree
0024b0b8 00000004 D Curl_cmalloc
0024b0bc 0000003c D Curl_cft_ssl_proxy
0024b0f8 0000003c D Curl_cft_ssl
0024b134 00000008 d available_backends
0024b13c 00000004 D Curl_ssl
0024b140 0000003c D Curl_cft_setup
0024b17c 0000003c D Curl_cft_happy_eyeballs
0024b1b8 0000003c D Curl_cft_http_proxy
0024b1f4 0000003c D Curl_cft_socks_proxy
0024b230 0000003c D Curl_cft_h1_proxy
0024b26c 0000003c D Curl_cft_haproxy
0024b2a8 0000003c D Curl_cft_http_connect
0024b2e4 0000003c D Curl_cft_tcp_accept
0024b320 0000003c D Curl_cft_unix
0024b35c 0000003c D Curl_cft_udp
0024b398 0000003c D Curl_cft_tcp
0024b3d4 00000030 d bad_reader
0024b404 000000f0 d readers
0024b4f4 00000014 D INT123_pnts
0024b508 0000002c d pretab_choice
0024b534 00000004 d queueLock
0024b538 00000004 d aptChainloadDeliverArgSize
0024b53c 00000004 d kCount
0024b540 00000004 d kInterval
0024b544 00000004 d kDelay
0024b548 00000080 d soc_devoptab
0024b5c8 W __stacksize__
0024b5cc 00000004 D _impure_ptr
0024b5d0 00000200 D _impure_data
0024b7d0 00000254 D __global_locale
0024ba24 00000004 D __malloc_sbrk_base
0024ba28 00000004 D __malloc_trim_threshold
0024ba30 00000408 D __malloc_av_
0024be38 0000000c D __sglue
0024be44 00000008 D _tzname
0024be4c 00000004 D environ
0024be50 00000058 d tzinfo
0024bea8 00000400 d _current_working_directory
0024c2a8 00001000 d handles
0024d2a8 0000000c d __stderr_handle
0024d2b4 0000000c d __stdout_handle
0024d2c0 0000000c d __stdin_handle
0024d2cc 0000008c D devoptab_list
0024d358 00000004 d defaultDevice
0024d364 d _GLOBAL_OFFSET_TABLE_
0024d370 d __frame_dummy_init_array_entry
0024d370 D __init_array_start
0024d370 B __preinit_array_end
0024d370 B __preinit_array_start
0024d370 D __tdata_lma
0024d370 D __tdata_lma_end
0024d374 d __do_global_dtors_aux_fini_array_entry
0024d374 D __fini_array_start
0024d374 D __init_array_end
0024d378 D __bss_start__
0024d378 D __fini_array_end
0024d378 00000004 b stbi__g_failure_reason
0024d37c 00000004 b stbi__vertically_flip_on_load
0024d380 00000004 b stbi__de_iphone_flag
0024d384 00000004 b stbi__unpremultiply_on_load
0024d388 00000018 b s_tex
0024d3a0 00000001 b s_has_texture
0024d3a1 00000001 b s_is_loading
0024d3a4 00000004 b s_curl_multi
0024d3a8 00000004 b s_curl_easy
0024d3ac 00000004 b s_headers
0024d3b0 0000000c b s_buf
0024d3bc 00000014 b s_subtex
0024d3d0 00000008 b s_image
0024d3d8 00000014 b s_prefetch_ring
0024d3ec 00000014 b s_ring
0024d400 00000001 b s_prefetch_curl_paused
0024d404 00000004 b s_curl_multi
0024d408 00000004 b s_curl_easy
0024d40c 00000001 b s_prefetch_active
0024d410 00000004 b s_prefetch_curl
0024d414 00000001 b s_curl_paused
0024d418 00000004 b s_prefetch_headers
0024d41c 00000800 b s_prefetch_url
0024dc1c 00000060 b s_wave_bufs
0024dc7c 00000004 b s_headers
0024dc80 00000004 b s_flac
0024dc84 00000004 b s_mpg
0024dc88 00000800 b s_current_url
0024e488 00000001 b s_codec
0024e48c 00000004 b s_samples_played
0024e490 00000008 b s_speed_window_start
0024e498 00000004 b s_speed_window_bytes
0024e49c 00000004 b s_underrun_count
0024e4a0 00000001 b s_needs_quality_downgrade
0024e4a8 00000008 b s_last_underrun_tick
0024e4b0 00000001 b s_state
0024e4b4 00000004 b s_pcm_buffer
0024e4b8 00000004 b s_feed_buffer
0024e4bc 00000004 b s_download_speed_bps
0024e4c0 00000004 b s_duration_ms
0024e4c4 00000004 b s_log_count
0024e4c8 00000004 b s_log_head
0024e4cc 00000004 b s_log_file
0024e4d0 00003c00 b s_log_lines
002520d0 00000004 b soc_buffer
002520d4 00000884 b app_config
00252958 00000800 b s_server_url
00253158 00000080 b s_auth_token
002531d8 00000001 b s_initialized
002531e0 00000004 b s_num_tracks
002531e4 00000004 b s_config
002531e8 00000004 b s_num_lyrics
002531ec 00000004 b s_text_buf
002531f0 00000004 b s_scroll_timer.0
002531f4 00000004 b s_spinner_angle
002531f8 00000004 b s_list_offset
002531fc 00000004 b s_selected_idx
00253200 00000004 b s_list_count
00253204 00000004 b s_setup_field
00253208 00000100 b s_status_msg
00253308 00000098 b s_pin
002533a0 00000004 b s_pin_timer
002533a4 00000004 b s_num_servers
002533a8 00000004 b s_num_libraries
002533ac 00000001 b s_need_load_libraries
002533b0 00000004 b s_total_items
002533b4 00000004 b s_num_artists
002533b8 00000004 b s_num_albums
002533bc 00000001 b s_show_logs
002533c0 00000004 b s_log_scroll_offset
002533c4 00000004 b s_scroll_repeat.2
002533c8 00000008 b s_last_timeline_tick.1
002533d0 00000080 b s_login_user
00253450 00000080 b s_login_pass
002534d0 00000010 b s_login_2fa
002534e0 00000100 b s_current_title
002535e0 00000001 b s_is_lazy_loading
002535e4 00000800 b s_active_key
00253de4 00002100 b s_lyrics
00255ee4 00128ff4 b s_servers
0037eed8 001397a0 b s_playlists
004b8678 00277590 b s_tracks
0072fc08 00252ba0 b s_albums
009827a8 00271000 b s_artists
00bf37a8 00046cd0 b s_libraries
00c3a478 00000008 b global_error
00c3a480 0000000f b version.0
00c3a490 000005a8 B __C2Di_Context
00c3aa38 00000040 b s_projTop
00c3aa78 00000040 b s_projBot
00c3aab8 00000004 b uLoc_mdlvMtx
00c3aabc 00000004 b uLoc_projMtx
00c3aac0 00000004 b s_glyphSheets
00c3aac4 00000004 b s_textScale
00c3aac8 b completed.1
00c3aacc b object.0
00c3aae4 0000000c b hookCookie
00c3aaf0 000002d0 B __C3D_Context
00c3adc0 00000004 b frameEndCbData
00c3adc4 00000004 b frameEndCb
00c3adc8 00000008 b frameCounter
00c3add0 00000001 b isTopStereo
00c3add1 00000001 b needSwapBot
00c3add2 00000001 b needSwapTop
00c3add3 00000001 b measureGpuTime
00c3add4 00000001 b inSafeTransfer
00c3add5 00000001 b inFrame
00c3add8 00000010 b cpuTime
00c3ade8 00000010 b gpuTime
00c3adf8 0000000c b linkedTarget
00c3ae04 00000004 b lastTarget
00c3ae08 00000004 b firstTarget
00c3ae0c 00000008 b C3Di_IVUnifEverDirty
00c3ae14 000000c0 b C3Di_FVUnifEverDirty
00c3aed4 00000018 b C3Di_ShaderFVecData
00c3aeec 00000002 B C3D_BoolUnifsDirty
00c3aef0 00000008 B C3D_IVUnifDirty
00c3aef8 000000c0 B C3D_FVUnifDirty
00c3afb8 00000004 B C3D_BoolUnifs
00c3afbc 00000020 B C3D_IVUnif
00c3afdc 00000c00 B C3D_FVUnif
00c3bbdc 00000004 b s_lock
00c3bbe0 00000004 b initialized
00c3bbe4 00000004 b randseed.0
00c3bbe8 00000001 b seeded.1
00c3bbec 00000004 b backends_len.0
00c3bbf0 000000c8 b backends.1
00c3bcb8 00000004 b selected.2
00c3bcbc 00000001 b init_ssl
00c3bcc0 00000004 b supported_init
00c3bcc4 00000250 b supported_ciphersuites
00c3bf14 00000004 b debug_threshold
00c3bf18 00000004 b init_done.0
00c3bf1c 0000000e b ecp_supported_grp_id
00c3bf2c 00000004 b aes_init_done
00c3bf30 00000028 b round_constants
00c3bf58 00000400 b RT3
00c3c358 00000400 b RT2
00c3c758 00000400 b RT1
00c3cb58 00000400 b RT0
00c3cf58 00000100 b RSb
00c3d058 00000400 b FT3
00c3d458 00000400 b FT2
00c3d858 00000400 b FT1
00c3dc58 00000400 b FT0
00c3e058 00000100 b FSb
00c3e158 00000008 b sLinearPool
00c3e160 0000000c b sAddrMap
00c3e170 00000008 b sVramPoolB
00c3e178 00000008 b sVramPoolA
00c3e180 0000000c b sAddrMap
00c3e18c 00000004 b sharedFontAddr
00c3e190 00000004 B g_sharedFont
00c3e194 00000004 b screenAlloc
00c3e198 00000004 b screenFree
00c3e19c 00000002 b gfxIsDoubleBuf
00c3e1a0 00000002 b gfxCurBuf
00c3e1a2 00000001 b gfxIsVram
00c3e1a3 00000001 b gfxTopMode
00c3e1a4 00000002 b gfxFramebufferFormats
00c3e1a8 00000004 b gfxBottomFramebufferMaxSize
00c3e1ac 00000004 b gfxTopFramebufferMaxSize
00c3e1b0 00000008 b gfxBottomFramebuffers
00c3e1b8 00000008 b gfxTopFramebuffers
00c3e1c0 00000001 V __ctru_speedup
00c3e1c4 00000004 B gpuCmdBufOffset
00c3e1c8 00000004 B gpuCmdBufSize
00c3e1cc 00000004 B gpuCmdBuf
00c3e1d0 00000004 b boundQueue
00c3e1d4 00000001 b shouldStop
00c3e1d5 00000001 b isRunning
00c3e1d6 00000001 b isActive
00c3e1d8 00000004 b curQueue
00c3e1dc 00000004 b ndspRefCount
00c3e1e0 00000048 b ndspMaster
00c3e228 00000004 b ndspThread
00c3e22c 00000001 b ndspThreadRun
00c3e230 00001080 b dspVar5Backup
00c3f2b0 00000004 b ndspMutex
00c3f2b4 00000008 b sleepEvent
00c3f2bc 00000004 b dspSem
00c3f2c0 00000004 b irqEvent
00c3f2c4 00000008 b ndspHookCookie
00c3f2cc 00000001 b componentFree
00c3f2ce 00000002 b componentDataMask
00c3f2d0 00000002 b componentProgMask
00c3f2d4 00000004 b componentSize
00c3f2d8 00000004 b componentBin
00c3f2dc 00000004 b frameCount
00c3f2e0 00000004 b droppedFrames
00c3f2e4 00000001 b bCancelReceived
00c3f2e5 00000001 b bSleeping
00c3f2e6 00000001 b bEnteringSleep
00c3f2e7 00000001 b bDspReady
00c3f2e8 00000080 B ndspVars
00c3f368 00000002 B ndspBufferId
00c3f36a 00000002 B ndspBufferCurId
00c3f36c 00000002 B ndspFrameId
00c3f370 00000c60 b ndspChn
00c3ffd0 00000001 b flagValue.0
00c3ffd1 00000001 b flagInit.1
00c3ffd4 00000004 b serviceName.6
00c3ffd8 00000001 b aptChainloadFlags
00c3ffd9 00000001 b aptChainloadMediatype
00c3ffdc 00000020 b aptChainloadHmac
00c3fffc 00000300 b aptChainloadDeliverArg
00c40300 00000008 b aptChainloadTid
00c40308 00001000 b aptParameters
00c41308 00000004 b aptFlags
00c4130c 00000001 b aptHomeButtonState
00c41310 00000004 b aptMessageFuncData
00c41314 00000004 b aptMessageFunc
00c41318 0000000c b aptFirstHook
00c41324 00000001 b aptEventHandlerThreadQuit
00c41328 00000004 b aptEventHandlerThread
00c4132c 00000008 b aptSleepEvent
00c41334 00000008 b aptReceiveEvent
00c4133c 00000008 b aptEvents
00c41344 00000004 b aptLockHandle
00c41348 00000004 b aptRefCount
00c4134c 00000004 b cfguRefCount
00c41350 00000004 b cfguHandle
00c41354 00000002 b dspSavedCompDataMask
00c41356 00000002 b dspSavedCompProgMask
00c41358 00000004 b dspSavedCompSize
00c4135c 00000004 b dspSavedCompBin
00c41360 00000001 b dspSleeping
00c41361 00000001 b dspComponentLoaded
00c41364 00000008 b dspFirstHook
00c4136c 00000004 b dspRefCount
00c41370 00000004 b dspHandle
00c41378 00000080 b fsExemptArchives
00c413f8 00000004 b fsuRefCount
00c413fc 00000004 b fsuHandle
00c41400 00000007 b gspEventCbOneShot
00c41408 0000001c b gspEventCbData
00c41424 0000001c b gspEventCb
00c41440 00000038 b gspEvents
00c41478 00000004 b gspLastEvent
00c4147c 00000001 b gspRunEvents
00c41480 00000004 b gspEventThread
00c41484 00000004 b gspEvent
00c41488 00000001 b gspGpuRight
00c41489 00000001 b gspThreadId
00c4148c 00000004 b gspSharedMem
00c41490 00000004 b gspSharedMemHandle
00c41494 00000004 b gspRefCount
00c41498 00000004 b gspGpuHandle
00c4149c 00000001 b usingIrrst
00c414a0 00000004 b hidRefCount
00c414a4 00000006 b gRate
00c414ac 00000006 b aVec
00c414b4 00000004 b cPos
00c414b8 00000004 b tPos
00c414bc 00000004 b kRepeat
00c414c0 00000004 b kUp
00c414c4 00000004 b kDown
00c414c8 00000004 b kHeld
00c414cc 00000004 b kOld
00c414d0 00000004 B hidSharedMem
00c414d4 00000014 B hidEvents
00c414e8 00000004 B hidMemHandle
00c414ec 00000004 B hidHandle
00c414f0 00000004 b irrstRefCount
00c414f4 00000004 b csPos
00c414f8 00000004 b kHeld
00c414fc 00000004 B irrstSharedMem
00c41500 00000004 B irrstEvent
00c41504 00000004 B irrstMemHandle
00c41508 00000004 B irrstHandle
00c4150c 00000004 b ptmSysmRefCount
00c41510 00000004 b ptmSysmHandle
00c41514 00000004 b ptmuHandle
00c41518 00000004 B __sslc_servhandle
00c4151c 00000004 B socMemhandle
00c41520 00000004 B SOCU_handle
00c41524 00000004 b swkbdSharedMemHandle
00c41528 00000004 b swkbdSharedMem
00c4152c 00000004 V __ctru_linear_heap_size
00c41530 00000004 V __ctru_heap_size
00c41534 00000004 B __ctru_linear_heap
00c41538 00000004 B __ctru_heap
00c4153c 00000004 B __system_retAddr
00c41540 00000004 B __system_argv
00c41544 00000004 B __system_argc
00c41548 b saved_stack
00c41550 00000004 B __3dslink_host
00c41554 00000004 b srvRefCount
00c41558 00000004 b srvHandle
00c4155c 00000004 b arbiter
00c41560 00000004 b currentAddr
00c41564 00000004 b maxAddr
00c41568 00000004 b minAddr
00c4156c 00000004 b srvPmHandle
00c41570 000005c0 b archive_devices
00c41b30 00000004 b archive_device_cwd
00c41b34 00000001 b archive_initialized
00c41b38 00000028 B __malloc_current_mallinfo
00c41b60 00000004 B __malloc_max_total_mem
00c41b64 00000004 B __malloc_max_sbrked_mem
00c41b68 00000004 B __malloc_top_pad
00c41b6c 0000000c b __sfp_recursive_mutex
00c41b78 00000168 B __sf
00c41ce0 00000004 B __stdio_exit_handler
00c41ce4 0000000c b __malloc_recursive_mutex
00c41cf0 0000000c b __env_recursive_mutex
00c41cfc 00000004 B _timezone
00c41d00 00000004 B _daylight
00c41d04 00000004 b __tz_mutex
00c41d08 00000004 b initial_env
00c41d0c 00000004 b prev_tzenv
00c41d10 0000000c b __tzname_dst
00c41d1c 0000000c b __tzname_std
00c41d28 00000400 b temp_cwd
00c42128 00000004 b __hndl_lock
00c4212c 00000004 B fake_heap_start
00c42130 00000004 B fake_heap_end
00c42134 00000004 b heap_start.0
00c42138 B __tls_start
00c42d40 B __bss_end__
00c42d40 A __end__
00c42d40 B __tls_end
