         w __deregister_frame_info
         w __register_frame_info
         w userAppExit
         w userAppInit
00000000 00000802 B __ctru_dev_utf16_buf
00000000 A __sync_synchronize
00000000 b _TLS_MODULE_BASE_
00000000 a shift
00000000 a shift
00000804 00000401 B __ctru_dev_path_buf
00100000 A __start__
00100000 T _start
00100008 T __service_ptr
0010000c T __apt_appid
00100010 T __heap_size
00100014 T __linear_heap_size
00100018 T __system_arglist
0010001c T __system_runflags
00100020 t startup
00100058 t ClearMem
0010006c t ClrLoop
00100094 T _init
001000ac t .udivsi3_skip_div0_test
001000ac T __aeabi_uidiv
001000ac 000001ec T __udivsi3
00100298 00000020 T __aeabi_uidivmod
001002b8 T __aeabi_idiv
001002b8 00000220 T __divsi3
001002c0 t .divsi3_skip_div0_test
001004d8 00000020 T __aeabi_idivmod
001004f8 00000004 W __aeabi_idiv0
001004f8 00000004 W __aeabi_ldiv0
001004fc T __aeabi_drsub
00100504 000002b0 T __aeabi_dsub
00100504 000002b0 T __subdf3
00100508 000002ac T __adddf3
00100508 000002ac T __aeabi_dadd
001007b4 00000024 T __aeabi_ui2d
001007b4 00000024 T __floatunsidf
001007d8 00000028 T __aeabi_i2d
001007d8 00000028 T __floatsidf
00100800 00000048 T __aeabi_f2d
00100800 00000048 T __extendsfdf2
00100848 00000074 T __aeabi_ul2d
00100848 00000074 T __floatundidf
0010085c 00000060 T __aeabi_l2d
0010085c 00000060 T __floatdidf
001008bc T __aeabi_ldivmod
00100990 T __aeabi_uldivmod
001009e8 00000390 T strcmp
00100d70 t __do_global_dtors_aux
00100dc0 t frame_dummy
00100dec 00000010 t stbi__stdio_eof
00100dfc 000000a8 t stbi__mad3sizes_valid
00100ea4 00000424 t stbi__idct_block
001012c8 00000008 t resample_row_1
001012d0 00000044 t stbi__resample_row_v_2
00101314 000000b0 t stbi__resample_row_hv_2
001013c4 00000074 t stbi__resample_row_generic
00101438 000000e8 t stbi__YCbCr_to_RGB_row
00101520 0000006c t stbi__bitreverse16
0010158c 00000008 t stbi__stdio_skip
00101594 00000010 t stbi__stdio_read
001015a4 00000180 t stbi__build_huffman
00101724 0000007c t stbi__malloc_mad2
001017a0 000000b4 t stbi__vertical_flip
00101854 000000b4 t img_write_cb
00101908 000000dc t stbi__resample_row_h_2
001019e4 00000068 t stbi__fill_bits
00101a4c 00000138 t stbi__zhuffman_decode
00101b84 0000008c t stbi__free_jpeg_components.constprop.0
00101c10 00000064 t stbi__refill_buffer
00101c74 0000006c t stbi__skip
00101ce0 000001e4 t stbi__zbuild_huffman
00101ec4 000000b0 t stbi__malloc_mad3
00101f74 0000112c t stbi__create_png_image_raw
001030a0 000002d0 t stbi__compute_huffman_codes
00103370 00000688 t stbi__parse_zlib
001039f8 000000c0 t stbi__get16be
00103ab8 0000015c t stbi__get32be
00103c14 000000e8 t stbi__grow_buffer_unsafe
00103cfc 00000158 t stbi__jpeg_huff_decode
00103e54 000000a8 t stbi__extend_receive
00103efc 000001bc t stbi__jpeg_decode_block
001040b8 0000010c t stbi__jpeg_decode_block_prog_dc.part.0
001041c4 000007d0 t stbi__process_marker
00104994 00000980 t stbi__decode_jpeg_header
00105314 000000b0 T stbi_zlib_decode_malloc_guesssize_headerflag
001053c4 00001238 t stbi__parse_png_file
001065fc 00003244 t stbi__load_main.isra.0
00109840 00000128 t stbi__load_and_postprocess_8bit
00109968 0000003c T album_art_init
001099a4 000000a4 T album_art_cleanup
00109a48 000001d4 T album_art_load_async
00109c1c 000002ec T album_art_update
00109f08 00000098 T album_art_draw
00109fa0 00000010 T album_art_has_texture
00109fb0 00000010 T album_art_is_loading
00109fc0 000000f4 t drflac_oggbs__seek_physical
0010a0b4 00000008 t drflac__on_tell_ogg
0010a0bc 00000008 t flac_seek_proc
0010a0c4 00000010 t drflac__on_read_stdio
0010a0d4 0000008c t prefetch_ring_write
0010a160 0000008c t ring_write
0010a1ec 00000094 t ring_read
0010a280 00000004 t drflac__free_default
0010a284 00000004 t drflac__realloc_default
0010a288 00000004 t drflac__malloc_default
0010a290 00000130 t drflac__read_streaminfo
0010a3c0 0000012c t drflac_ogg__read_page_header_after_capture_pattern.constprop.0
0010a4ec 000000e8 t drflac_ogg__read_page_header
0010a5d4 0000019c t drflac_oggbs__goto_next_page
0010a770 00000104 t drflac__on_seek_ogg
0010a874 000000fc t drflac__on_read_ogg
0010a970 000002b8 t drflac__reload_cache
0010ac28 000001a8 t drflac__read_int32
0010add0 00000130 t drflac__read_uint8
0010af00 00000164 t drflac__read_utf8_coded_number
0010b064 00000158 t drflac__read_subframe_header
0010b1bc 00000130 t drflac__read_uint16
0010b2ec 00000174 t drflac__seek_bits
0010b460 000007f8 t drflac__read_next_flac_frame_header
0010bc58 00000440 t drflac__decode_samples_with_residual__rice__scalar_zeroorder.constprop.0
0010c098 00004b9c t drflac__decode_samples_with_residual__rice__scalar
00110c34 00000b00 t drflac__decode_samples_with_residual
00111734 00000660 t drflac__decode_flac_frame
00111d94 0000006c t drflac__read_and_decode_next_flac_frame
00111e00 00000974 t drflac_read_pcm_frames_s16.part.0
00112774 00000054 t drflac__malloc_from_callbacks
001127c8 000003a0 t drflac__init_private__ogg.isra.0
00112b68 000001c4 t drflac__init_private__native.isra.0
00112d2c 00000008 t flac_tell_proc
00112d34 000000c0 t prefetch_curl_write_cb
00112df4 000001b8 t flac_read_proc
00112fac 000000c0 t curl_write_cb
0011306c 000014a4 t drflac_open_with_metadata_private
00114510 000000cc T drflac_close
001145dc 00000068 T audio_player_cancel_prefetch
00114644 00000244 T audio_player_prefetch_url
00114888 00000044 T audio_player_is_prefetch_ready
001148cc 00000018 T audio_player_is_download_finished
001148e8 00000370 T audio_player_activate_prefetch
00114c58 00000174 T audio_player_init
00114dcc 000000c8 T audio_player_stop
00114e94 000000b4 T audio_player_cleanup
00114f48 000002ec T audio_player_load_url
00115234 00000040 T audio_player_toggle
00115278 00000ca4 T audio_player_update
00115f1c 00000010 T audio_player_get_state
00115f2c 00000094 T audio_player_get_progress
00115fc0 00000044 T audio_player_get_position_ms
00116004 00000010 T audio_player_set_duration
00116014 00000010 T audio_player_set_position_offset_ms
00116024 00000068 T audio_player_get_visualizer_samples
0011608c 00000010 T audio_player_get_download_speed
0011609c 00000010 T audio_player_needs_quality_downgrade
001160ac 00000018 T audio_player_clear_downgrade_flag
001160c4 00000150 t parse_config_file
00116214 000000fc t config_save.part.0
00116310 00000014 T config_set_defaults
00116324 000000b0 T config_load
001163d4 0000000c T config_save
001163e0 00000080 T logger_init
00116460 00000160 T logger_log
001165c0 00000010 T logger_get_log_count
001165d0 00000064 T logger_get_log_line
00116634 00000254 T main
00116888 00000064 t http_write_cb
001168ec 00000064 t url_encode_cat
00116950 00000078 t lyr_async_cleanup_request
001169c8 0000007c t tl_async_cleanup
00116a44 00000200 t build_transcode_url.part.0
00116c44 0000054c t parse_tracks_from_json.part.0
00117190 00000174 t lyr_async_start_request.part.0
00117304 00000468 t parse_lyrics_stream_response.part.0
0011776c 000001b4 t sanitize_server_url.constprop.0
00117920 000001c0 t plex_http_post_full_url.constprop.0
00117ae0 00000224 t plex_http_get_full_url.constprop.0
00117d04 00000204 t plex_http_get.part.0.constprop.0
00117f08 00000520 t plex_api_get_albums_page.part.0
00118428 0000048c t plex_api_get_artists_page.part.0
001188b4 00000100 t plex_api_get_tracks_page.part.0
001189b4 00000010 T plex_api_get_quality_tier
001189c4 00000034 T plex_api_set_quality_tier
001189f8 00000054 T plex_api_quality_step_down
00118a4c 0000001c T plex_api_get_quality_label
00118a68 000000b4 T plex_api_suggest_quality
00118b1c 00000060 T plex_api_init
00118b7c 0000001c T plex_api_cleanup
00118b98 0000000c T plex_api_get_token
00118ba4 0000005c T plex_api_test_connection
00118c00 00000108 T plex_api_create_pin
00118d08 00000130 T plex_api_check_pin
00118e38 000002ec T plex_api_login_direct
00119124 00000488 T plex_api_get_servers
001195ac 000001ec T plex_api_get_music_libraries
00119798 00000034 T plex_api_get_artists_page
001197cc 00000044 T plex_api_get_artists
00119810 00000034 T plex_api_get_albums_page
00119844 00000034 T plex_api_get_tracks_page
00119878 0000028c T plex_api_get_playlists
00119b04 000000f8 T plex_api_search_tracks
00119bfc 000000b0 T plex_api_get_recently_added
00119cac 00000048 T plex_api_get_seek_url
00119cf4 00000298 T plex_api_get_stream_url
00119f8c 000000c4 T plex_api_lyrics_async_start
0011a050 00000478 T plex_api_lyrics_async_update
0011a4c8 0000001c T plex_api_lyrics_async_is_done
0011a4e4 00000078 T plex_api_lyrics_async_take_result
0011a55c 0000025c T plex_api_report_timeline_async
0011a7b8 00000064 T plex_api_timeline_async_update
0011a81c 00000068 t show_keyboard
0011a884 00000264 t play_track
0011aae8 0000009c t draw_text_centered
0011ab84 000001a4 t draw_scrolling_text
0011ad28 000001e4 t format_quality_tag.part.0.constprop.0
0011af0c 000000a8 t draw_text_centered_at.constprop.0
0011afb4 000001b4 t draw_loading_spinner
0011b168 00000160 t draw_header
0011b2c8 00000228 t draw_list_item
0011b4f0 00000034 T ui_init
0011b524 00000030 T ui_cleanup
0011b554 00000010 T ui_set_config
0011b564 000001fc T ui_set_screen
0011b760 00001bd0 T ui_update
0011d330 000011e4 T ui_render_top
0011e514 00001604 T ui_render_bottom
0011fb18 00000070 t parse_hex4
0011fb88 000003d4 t parse_string
0011ff5c 0000006c t buffer_skip_whitespace
0011ffc8 000000e4 t get_object_item
001200ac 000000a8 T cJSON_Delete
00120158 00000578 t parse_value
001206d0 000001f0 T cJSON_ParseWithLengthOpts
001208c0 0000002c T cJSON_Parse
001208ec 00000050 T cJSON_GetArrayItem
0012093c 00000008 T cJSON_GetObjectItem
00120944 00000018 T cJSON_IsTrue
0012095c 00000018 T cJSON_IsBool
00120974 00000018 T cJSON_IsNumber
0012098c 00000018 T cJSON_IsString
001209a4 00000018 T cJSON_IsArray
001209bc 00000044 t C2Di_FrameEndHook
00120a00 00000368 T C2D_Init
00120d68 0000004c T C2D_Fini
00120db4 000000bc T C2D_Prepare
00120e70 00000048 T C2D_Flush
00120eb8 000000fc T C2D_SceneSize
00120fb4 00000060 T C2D_CreateScreenTarget
00121014 00000060 T C2D_TargetClear
00121074 0000014c T C2Di_CalcQuad
001211c0 00000054 T C2Di_AppendQuad
00121214 00000040 T C2Di_AppendVtx
00121254 00000738 T C2Di_Update
0012198c 000002e8 T C2D_DrawImage
00121c74 000001e0 T C2D_DrawLine
00121e54 00000168 T C2D_DrawRectangle
00121fbc 00000174 T C2D_DrawEllipse
00122130 00000018 t C2Di_GlyphComp
00122148 00000180 t C2Di_CalcLineWidths
001222c8 000001d0 T C2D_TextBufNew
00122498 00000004 T C2D_TextBufDelete
0012249c 0000000c T C2D_TextBufClear
001224a8 000001c4 T C2D_TextFontParseLine
0012266c 000000a4 T C2D_TextFontParse
00122710 00000010 T C2D_TextParse
00122720 00000030 T C2D_TextOptimize
00122750 000000e8 T C2D_TextGetDimensions
00122838 00000fdc T C2D_DrawText
00123814 00000050 T C2D_FontGlyphIndexFromCodePoint
00123864 00000074 T C2D_FontCalcGlyphPos
001238d8 00000028 T AttrInfo_Init
00123900 00000094 T AttrInfo_AddLoader
00123994 00000054 T C3D_SetAttrInfo
001239e8 00000080 T C3Di_AttrInfoBind
00123a68 00000004 W C3Di_LightEnvUpdate
00123a6c 00000004 W C3Di_LightEnvDirty
00123a70 000000b4 t C3Di_AptEventHook
00123b24 00000004 W C3Di_GasUpdate
00123b28 000001d0 T C3D_Init
00123cf8 00000098 T C3D_SetViewport
00123d90 000004e8 T C3Di_UpdateContext
00124278 000000e0 T C3Di_SplitFrame
00124358 00000044 T C3D_Fini
0012439c 00000194 T C3D_BindProgram
00124530 00000024 T BufInfo_Init
00124554 00000080 T BufInfo_Add
001245d4 0000003c T C3D_SetBufInfo
00124610 00000048 T C3Di_BufInfoBind
00124658 0000021c T C3D_DrawElements
00124874 00000040 T C3D_DepthMap
001248b4 0000001c T C3D_CullFace
001248d0 00000040 T C3D_StencilTest
00124910 00000024 T C3D_StencilOp
00124934 0000001c T C3D_BlendingColor
00124950 00000024 T C3D_EarlyDepthTest
00124974 0000002c T C3D_DepthTest
001249a0 0000002c T C3D_AlphaTest
001249cc 00000050 T C3D_AlphaBlend
00124a1c 00000030 T C3D_FragOpMode
00124a4c 00000044 T C3D_FragOpShadow
00124a90 000001ac T C3Di_EffectBind
00124c3c 0000001c T C3D_CalcColorBufSize
00124c58 0000001c T C3D_CalcDepthBufSize
00124c74 00000044 T C3D_SetFrameBuf
00124cb8 0000016c T C3Di_FrameBufBind
00124e24 000000c8 T C3D_FrameBufClear
00124eec 00000044 T C3D_FrameBufTransfer
00124f30 000000a8 T C3D_ImmSendAttrib
00124fd8 00000070 T C3D_ProcTexInit
00125048 00000054 T C3D_ProcTexBind
0012509c 0000005c T C3D_ProcTexLutBind
001250f8 000000a4 T ProcTexLut_FromArray
0012519c 00000178 T C3Di_ProcTexUpdate
00125314 00000068 T C3Di_ProcTexDirty
0012537c 0000004c t onVBlank0
001253c8 0000004c t onVBlank1
00125414 00000080 t C3Di_RenderTargetDestroy
00125494 000000f4 t onQueueFinish
00125588 00000038 T C3Di_RenderQueueEnableVBlank
001255c0 00000030 T C3Di_RenderQueueDisableVBlank
001255f0 00000060 T C3Di_RenderQueueInit
00125650 000000b4 T C3Di_RenderQueueExit
00125704 00000034 T C3Di_RenderQueueWaitDone
00125738 000000e8 T C3D_FrameBegin
00125820 00000048 T C3D_FrameDrawOn
00125868 00000058 T C3D_FrameSplit
001258c0 000001d0 T C3D_FrameEnd
00125a90 0000001c T C3D_FrameEndHook
00125aac 00000170 T C3D_RenderTargetCreate
00125c1c 000000a8 T C3D_RenderTargetSetOutput
00125cc4 00000034 T C3D_GetTexEnv
00125cf8 00000024 T C3Di_TexEnvBind
00125d1c 00000290 T C3D_TexInitWithParams
00125fac 00000044 T C3D_TexBind
00125ff0 00000074 T C3D_TexDelete
00126064 0000014c T C3Di_SetTex
001261b0 00000290 T C3D_UpdateUniforms
00126440 000000c0 T C3Di_DirtyUniforms
00126500 000000d8 T C3Di_LoadShaderUniforms
001265d8 00000028 T C3Di_ClearShaderUniforms
00126600 000000cc T Mtx_Ortho
001266cc 000000cc T Mtx_OrthoTilt
00126798 000000c0 t global_init
00126858 0000005c T curl_global_init
001268b4 00000084 T curl_global_cleanup
00126938 000000a8 T curl_easy_init
001269e0 00000154 T curl_easy_perform
00126b34 00000040 T curl_easy_cleanup
00126b74 00000030 T curl_easy_getinfo
00126ba4 0000017c T curl_easy_pause
00126d20 00000174 T curl_easy_escape
00126e94 00000194 T Curl_urldecode
00127028 00000010 T curl_free
00127038 00000094 T Curl_hexencode
001270d0 000000d4 T Curl_initinfo
001271a8 00000ac0 T Curl_getinfo
00127c68 000000ac t hsts_create
00127d14 000000e8 t hsts_pull
00127dfc 00000034 T Curl_hsts_init
00127e30 00000074 T Curl_hsts_cleanup
00127ea4 00000158 T Curl_hsts
00128000 000002b4 T Curl_hsts_parse
001282b4 000000fc t hsts_add.isra.0
001283b0 00000110 t hsts_load
001284c0 00000360 T Curl_hsts_save
00128820 00000014 T Curl_hsts_loadcb
00128834 00000048 T Curl_hsts_loadfiles
0012887c 00000074 T Curl_input_digest
001288f0 000001b4 T Curl_output_digest
00128aa4 0000001c T Curl_http_auth_cleanup_digest
00128ac0 00000018 T Curl_llist_init
00128ad8 00000070 T Curl_llist_insert_next
00128b48 00000094 T Curl_llist_remove
00128bdc 000000b0 T Curl_llist_destroy
00128c8c 00000008 T Curl_llist_count
00128c94 00000070 t mime_mem_seek
00128d04 00000028 t mime_mem_free
00128d2c 00000078 t mime_mem_read
00128da4 00000040 t mime_file_free
00128de4 0000005c t content_type_match
00128e40 000000e4 t escape_string
00128f24 00000068 t mime_file_read
00128f8c 00000074 t mime_file_seek
00129000 00000074 t search_header
00129074 0000011c t mime_subparts_seek
00129190 00000070 t mime_subparts_unbind
00129200 000000e4 t Curl_mime_cleanpart.part.0
001292e4 000000b8 t curl_mime_free.part.0
001293a0 00000070 t mime_subparts_free
00129410 0000034c t read_part_content.part.0
0012975c 000004cc t readback_part
00129c28 0000000c T Curl_mime_cleanpart
00129c34 00000090 T curl_mime_init
00129cc4 00000020 T Curl_mime_initpart
00129ce4 00000068 T curl_mime_addpart
00129d4c 0000006c T curl_mime_name
00129db8 0000006c T curl_mime_filename
00129e24 000001b8 t curl_mime_filedata.part.0
00129fdc 0000013c T curl_mime_data
0012a118 0000009c T curl_mime_filedata
0012a1b4 0000006c T curl_mime_type
0012a220 00000064 T curl_mime_headers
0012a284 000000c0 T curl_mime_data_cb
0012a344 0000012c T Curl_mime_set_subparts
0012a470 00000118 T curl_mime_subparts
0012a588 00000040 T Curl_mime_read
0012a5c8 000000a8 T Curl_mime_rewind
0012a670 000001d4 T Curl_mime_size
0012a844 0000007c T Curl_mime_add_header
0012a8c0 00000078 T Curl_mime_contenttype
0012a938 00000568 T Curl_mime_prepare_headers
0012aea0 00000168 T Curl_mime_unpause
0012b008 00000030 t addbyter
0012b038 0000003c t alloc_addbyter
0012b074 00000074 T curl_msnprintf
0012b0e8 00001658 t dprintf_formatf
0012c740 0000005c T curl_mvsnprintf
0012c79c 0000005c T Curl_dyn_vprintf
0012c7f8 000000a0 T curl_mvaprintf
0012c898 0000002c T curl_maprintf
0012c8c4 00000034 T curl_mfprintf
0012c8f8 00000018 t trhash
0012c910 00000018 t trhash_compare
0012c928 00000004 t trhash_dtor
0012c92c 00000010 t sh_freeentry
0012c93c 00000018 t fd_key_compare
0012c954 00000018 t hash_fd
0012c96c 0000002c t before_perform
0012c998 000000b0 t multi_getsock
0012ca48 000004bc t singlesocket
0012cf04 00000054 t close_connect_only
0012cf58 000000c4 t multi_timeout
0012d01c 000000e4 t add_next_timeout.isra.0
0012d100 000003cc t multi_wait.part.0
0012d4cc 00000150 T Curl_multi_handle
0012d61c 00000014 T curl_multi_init
0012d630 00000010 T Curl_multiplex_wanted
0012d640 0000003c T Curl_detach_connection
0012d67c 00000058 T Curl_attach_connection
0012d6d4 0000006c T curl_multi_poll
0012d740 00000010 T Curl_multi_connchanged
0012d750 00000048 T Curl_preconnect
0012d798 00000084 T curl_multi_info_read
0012d81c 00000020 T Curl_updatesocket
0012d83c 000000dc T Curl_multi_closed
0012d918 00000224 T curl_multi_setopt
0012db40 00000138 T Curl_update_timer
0012dc78 00000240 T Curl_expire
0012deb8 00000200 t curl_multi_add_handle.part.0
0012e0b8 00000060 T curl_multi_add_handle
0012e118 0000009c t process_pending_handles
0012e1b4 0000034c t multi_done
0012e500 0000016c t multi_handle_timeout
0012e66c 00000160 T curl_multi_cleanup
0012e7cc 00001824 t multi_runsingle
0012fff0 000000f0 T curl_multi_perform
001300e0 00000040 T Curl_expire_done
00130120 000000a8 T Curl_expire_clear
001301c8 00000044 t init_completed
0013020c 00000298 T curl_multi_remove_handle
001304a4 0000000c T Curl_multi_max_host_connections
001304b0 0000000c T Curl_multi_max_total_connections
001304bc 0000003c T Curl_set_in_callback
001304f8 00000038 T Curl_is_in_callback
00130530 000006f0 t parsedate.constprop.0
00130c20 00000058 T Curl_getdate_capped
00130c78 0000002c T Curl_gmtime
00130ca4 00000248 t time2str
00130ef0 00000268 t max5data
00131158 00000030 T Curl_pgrsResetTransferSizes
00131188 0000017c T Curl_pgrsTimeWas
00131304 00000040 T Curl_pgrsTime
00131344 00000134 T Curl_pgrsLimitWaitTime
00131478 00000060 T Curl_pgrsSetDownloadCounter
001314d8 000000f4 T Curl_ratelimit
001315d0 000000b0 T Curl_pgrsStartNow
00131680 0000000c T Curl_pgrsSetUploadCounter
0013168c 00000028 T Curl_pgrsSetDownloadSize
001316b4 00000028 T Curl_pgrsSetUploadSize
001316e0 00000c2c T Curl_pgrsUpdate
00132310 00000064 T Curl_pgrsDone
00132374 000000c4 t randit.part.0
00132438 00000080 T Curl_rand
001324b8 00000078 T Curl_rand_hex
00132530 000000b8 T Curl_rand_alnum
001325e8 00000014 T Curl_rename
001325fc 00000078 T Curl_wait_ms
00132674 000000f0 T Curl_poll
00132764 00000194 T Curl_socket_check
001328f8 00000008 t client_cew_init
00132900 00000004 t client_cew_close
00132904 0000010c t pausewrite
00132a10 00000278 t chop_write
00132c88 0000003c t client_cew_write
00132cc4 00000068 T Curl_nwrite
00132d2c 00000080 T Curl_write
00132dac 000001e0 T Curl_client_write
00132f8c 000000f4 T Curl_client_unpause
00133080 0000008c T Curl_client_cleanup
0013310c 00000084 T Curl_client_create_writer
00133190 00000030 T Curl_client_free_writer
001331c0 000000ec T Curl_client_add_writer
001332ac 00000070 T Curl_read
0013331c 000000e0 t setstropt_userpwd
001333fc 000000d0 t protocol2num
001334cc 00000080 T Curl_setstropt
0013354c 000000b0 T Curl_setblobopt
001335fc 00002ef4 T Curl_vsetopt
001364f0 00000038 T curl_easy_setopt
00136528 00000044 T Curl_share_lock
0013656c 00000044 T Curl_share_unlock
001365b0 0000005c T Curl_slist_append_nodup
0013660c 00000090 T curl_slist_append
0013669c 00000048 T curl_slist_free_all
001366e4 00000018 T Curl_speedinit
001366fc 00000118 T Curl_speedcheck
00136814 00000170 T Curl_splay
00136984 000000fc T Curl_splayinsert
00136a80 000000d8 T Curl_splaygetbest
00136b58 000000f0 T Curl_splayremove
00136c48 00000010 T Curl_raw_toupper
00136c58 00000010 T Curl_raw_tolower
00136c68 00000098 T curl_strequal
00136d00 000000bc T curl_strnequal
00136dbc 0000003c T Curl_strntoupper
00136df8 0000003c T Curl_strntolower
00136e34 00000034 T Curl_safecmp
00136e68 00000058 T Curl_timestrcmp
00136ec0 0000003c T Curl_memdup
00136efc 00000054 T Curl_saferealloc
00136f50 000000d4 T curlx_strtoofft
00137024 00000068 T Curl_now
0013708c 000000dc T Curl_timediff
00137168 000000e0 T Curl_timediff_ceil
00137248 000000e0 T Curl_timediff_us
00137328 00000078 t trailers_read
001373a0 00000058 T Curl_checkheaders
001373f8 00000044 T Curl_get_upload_buffer
0013743c 000004ac T Curl_fillreadbuffer
001378e8 000000a0 T Curl_meets_timecondition
00137988 0000001c T Curl_done_sending
001379a4 0000125c T Curl_readwrite
00138c00 00000090 T Curl_single_getsock
00138c90 00000034 T Curl_init_CONNECT
00138cc4 0000042c T Curl_pretransfer
001390f0 00000008 T Curl_posttransfer
001390f8 00000688 T Curl_follow
00139780 000001b4 T Curl_retry_request
00139938 00000248 T Curl_setup_transfer
00139b80 000000a4 t up_free
00139c24 00000158 t conn_free
00139d7c 000000e0 t setup_range
00139e5c 000004ac t parse_proxy
0013a308 000001d0 t extract_if_dead
0013a4d8 00000028 t call_extract_if_dead
0013a500 000000c4 T Curl_freeset
0013a5c8 00000208 T Curl_init_userdefined
0013a7d0 000000c4 T Curl_open
0013a894 000000e0 T Curl_disconnect
0013a974 00000068 T Curl_verboseconnect
0013a9dc 00000068 T Curl_builtin_scheme
0013aa44 00000020 T Curl_uc_to_curlcode
0013aa64 00000060 T Curl_free_request_state
0013aac4 00000370 T Curl_close
0013ae34 00000384 T Curl_parse_login_details
0013b1b8 000000c0 T Curl_setup_conn
0013b278 000000d8 T Curl_init_do
0013b350 00002cec T Curl_connect
0013e03c 0000008c t free_urlhandle
0013e0c8 000001bc t ipv6_parse
0013e284 000001a4 t urlencode_str
0013e428 000005cc t parse_authority
0013e9f4 000000f8 T Curl_is_absolute_url
0013eaec 000009a8 t parseurl_and_replace
0013f494 00000018 T curl_url
0013f4ac 00000028 T curl_url_cleanup
0013f4d4 000001cc T curl_url_dup
0013f6a0 00000788 T curl_url_get
0013fe28 00000b94 T curl_url_set
001409bc 00000008 T curlx_ultous
001409c4 00000008 T curlx_ultouc
001409cc 00000008 T curlx_uztosi
001409d4 00000004 T curlx_uztoui
001409d8 00000008 T curlx_sltosi
001409e0 00000004 T curlx_sltoui
001409e4 00000008 T curlx_sltous
001409ec 00000008 T curlx_uztosz
001409f4 00000004 T curlx_sotouz
001409f8 00000008 T curlx_uitous
00140a00 00000098 t auth_digest_string_quoted
00140a98 0000003c t auth_digest_sha256_to_ascii
00140ad4 0000003c t auth_digest_md5_to_ascii
00140b10 00000558 t auth_create_digest_http_message
00141068 0000012c T Curl_auth_digest_get_pair
00141194 00000008 T Curl_auth_is_digest_supported
0014119c 0000078c T Curl_auth_create_digest_md5_message
00141928 00000068 T Curl_auth_create_digest_http_message
00141990 00000088 T Curl_auth_digest_cleanup
00141a18 00000528 T Curl_auth_decode_digest_http_message
00141f40 0000005c T Curl_auth_build_spn
00141f9c 00000084 T Curl_auth_allowed_to_host
00142020 00000004 T Curl_none_cleanup
00142024 00000008 T Curl_none_shutdown
0014202c 00000008 T Curl_none_check_cxn
00142034 00000008 T Curl_none_random
0014203c 00000004 T Curl_none_close_all
00142040 00000008 T Curl_none_data_pending
00142048 00000008 T Curl_none_cert_status_request
00142050 00000008 T Curl_none_set_engine
00142058 00000008 T Curl_none_set_engine_default
00142060 00000008 T Curl_none_engines_list
00142068 00000054 t ssl_cf_data_pending
001420bc 0000004c t ssl_cf_send
00142108 00000084 t ssl_cf_cntrl
0014218c 00000070 t ssl_cf_query
001421fc 00000084 t cf_ssl_is_alive
00142280 00000064 t blobdup
001422e4 00000174 t multissl_version
00142458 000000ac t ssl_cf_recv
00142504 00000050 t ssl_prefs_check
00142554 0000006c t ssl_cf_get_select_socks
001425c0 000000d0 t multissl_setup.part.0
00142690 00000074 t multissl_send_plain
00142704 00000074 t multissl_recv_plain
00142778 00000050 t multissl_close
001427c8 00000058 t multissl_get_internals
00142820 00000060 t multissl_get_select_socks
00142880 00000060 t multissl_connect_nonblocking
001428e0 00000058 t multissl_connect
00142938 00000048 t multissl_init
00142980 00000060 t Curl_ssl_free_certinfo.part.0
001429e0 00000078 t cf_ctx_new.isra.0
00142a58 00000008 T Curl_none_false_start
00142a60 00000004 T Curl_none_session_free
00142a64 000000b4 t cf_ssl_create.isra.0
00142b18 000000a4 t ssl_cf_close
00142bbc 000000a0 t ssl_cf_destroy
00142c5c 00000374 t ssl_cf_connect
00142fd0 000001cc T Curl_ssl_config_matches
0014319c 00000268 T Curl_clone_primary_ssl_config
00143404 000000d8 T Curl_free_primary_ssl_config
001434dc 00000034 T Curl_ssl_backend
00143510 00000038 T Curl_ssl_init
00143548 00000038 T Curl_ssl_cleanup
00143580 00000024 T Curl_ssl_sessionid_lock
001435a4 00000020 T Curl_ssl_sessionid_unlock
001435c4 000001c4 T Curl_ssl_getsessionid
00143788 00000068 T Curl_ssl_kill_session
001437f0 00000038 T Curl_ssl_delsessionid
00143828 00000234 T Curl_ssl_addsessionid
00143a5c 00000020 T Curl_free_multi_ssl_backend_data
00143a7c 00000094 T Curl_ssl_close_all
00143b10 00000044 T Curl_ssl_get_select_socks
00143b54 00000014 T Curl_ssl_set_engine
00143b68 00000014 T Curl_ssl_set_engine_default
00143b7c 00000014 T Curl_ssl_engines_list
00143b90 00000058 T Curl_ssl_initsessions
00143be8 00000010 T Curl_ssl_free_certinfo
00143bf8 00000014 T Curl_ssl_random
00143c0c 00000070 T Curl_ssl_snihost
00143c7c 000004a0 T Curl_pin_peer_pubkey
0014411c 00000014 T Curl_ssl_cert_status_request
00144130 00000014 T Curl_ssl_false_start
00144144 00000058 T Curl_ssl_cfilter_add
0014419c 00000048 T Curl_cf_ssl_insert_after
001441e4 000000a0 T Curl_cf_ssl_proxy_insert_after
00144284 00000020 T Curl_ssl_supports
001442a4 0000008c T Curl_ssl_get_internals
00144330 00000098 T Curl_ssl_cfilter_remove
001443c8 0000001c T Curl_ssl_cf_is_proxy
001443e4 00000020 T Curl_ssl_cf_get_config
00144404 00000020 T Curl_ssl_cf_get_primary_config
00144424 00000154 t altsvc_createid
00144578 000000c0 t getalnum
00144638 00000060 t hostcompare
00144698 00000064 t alpn2alpnid
001446fc 00000104 t altsvc_add.isra.0
00144800 000000ac t altsvc_flush
001448ac 00000024 T Curl_alpnid2str
001448d0 00000040 T Curl_altsvc_init
00144910 0000011c T Curl_altsvc_load
00144a2c 00000018 T Curl_altsvc_ctrl
00144a44 00000080 T Curl_altsvc_cleanup
00144ac4 00000214 T Curl_altsvc_save
00144cd8 00000730 T Curl_altsvc_parse
00145408 000000f8 T Curl_altsvc_lookup
00145500 0000019c t base64_encode
0014569c 000001c0 T Curl_base64_decode
0014585c 0000003c T Curl_base64_encode
00145898 00000014 T Curl_bufref_init
001458ac 00000038 T Curl_bufref_free
001458e4 00000040 T Curl_bufref_set
00145924 00000008 T Curl_bufref_ptr
0014592c 00000008 T Curl_bufref_len
00145934 00000098 T Curl_bufref_memdup
001459cc 00000008 T Curl_cf_def_cntrl
001459d4 000000f8 t conn_report_connect_stats.isra.0
00145acc 000000c0 t cf_cntrl_all.constprop.0
00145b8c 00000058 T Curl_cf_def_get_host
00145be4 00000018 T Curl_cf_def_get_select_socks
00145bfc 00000018 T Curl_cf_def_data_pending
00145c14 00000034 T Curl_cf_def_send
00145c48 00000034 T Curl_cf_def_recv
00145c7c 00000018 T Curl_cf_def_conn_is_alive
00145c94 00000018 T Curl_cf_def_conn_keep_alive
00145cac 00000034 T Curl_cf_def_query
00145ce0 0000005c T Curl_conn_cf_discard_chain
00145d3c 00000014 T Curl_conn_cf_discard_all
00145d50 00000028 T Curl_conn_close
00145d78 00000078 T Curl_conn_recv
00145df0 00000078 T Curl_conn_send
00145e68 00000044 T Curl_cf_create
00145eac 00000054 T Curl_conn_cf_add
00145f00 0000002c T Curl_conn_cf_insert_after
00145f2c 000000a8 T Curl_conn_cf_discard_sub
00145fd4 00000028 T Curl_conn_cf_connect
00145ffc 00000014 T Curl_conn_cf_close
00146010 00000014 T Curl_conn_cf_get_select_socks
00146024 00000038 T Curl_conn_cf_send
0014605c 00000038 T Curl_conn_cf_recv
00146094 000000e0 T Curl_conn_connect
00146174 00000018 T Curl_conn_is_connected
0014618c 00000050 T Curl_conn_is_ip_connected
001461dc 00000040 T Curl_conn_cf_is_ssl
0014621c 00000050 T Curl_conn_is_ssl
0014626c 00000050 T Curl_conn_is_multiplex
001462bc 0000004c T Curl_conn_data_pending
00146308 00000058 T Curl_conn_get_select_socks
00146360 00000060 T Curl_conn_get_host
001463c0 00000088 T Curl_conn_cf_cntrl
00146448 00000050 T Curl_conn_cf_get_socket
00146498 00000074 T Curl_conn_get_socket
0014650c 00000024 T Curl_conn_ev_data_attach
00146530 00000024 T Curl_conn_ev_data_detach
00146554 00000028 T Curl_conn_ev_data_setup
0014657c 00000028 T Curl_conn_ev_data_idle
001465a4 0000002c T Curl_conn_ev_data_done_send
001465d0 00000028 T Curl_conn_ev_data_done
001465f8 00000028 T Curl_conn_ev_data_pause
00146620 00000030 T Curl_conn_ev_update_info
00146650 00000038 T Curl_conn_is_alive
00146688 00000010 t free_bundle_hash_entry
00146698 0000006c t hashkey.constprop.0
00146704 0000006c T Curl_conncache_init
00146770 0000000c T Curl_conncache_destroy
0014677c 00000058 T Curl_conncache_size
001467d4 00000060 T Curl_conncache_find_bundle
00146834 00000124 T Curl_conncache_add_conn
00146958 00000148 T Curl_conncache_remove_conn
00146aa0 000000d8 T Curl_conncache_foreach
00146b78 00000104 T Curl_conncache_extract_bundle
00146c7c 00000180 T Curl_conncache_extract_oldest
00146dfc 000000f0 T Curl_conncache_return_conn
00146eec 000000ec T Curl_conncache_close_all_connections
00146fd8 0000002c t conn_is_conn
00147004 000000e0 t eyeballer_new
001470e4 00000070 t cf_he_data_pending
00147154 0000005c t cf_setup_destroy
001471b0 000000ac t cf_he_get_select_socks
0014725c 00000088 t cf_setup_close
001472e4 000000a0 t cf_setup_create.isra.0
00147384 00000404 t cf_setup_connect
00147788 000000e0 t get_max_baller_time.isra.0
00147868 00000160 t cf_he_query
001479c8 0000009c t cf_he_ctx_clear.isra.0
00147a64 00000098 t cf_he_close
00147afc 00000074 t cf_he_destroy
00147b70 00000290 t baller_start.isra.0
00147e00 00000184 T Curl_timeleft
00147f88 00000a4c t cf_he_connect
001489d4 00000110 T Curl_persistconninfo
00148ae4 0000006c T Curl_addr2string
00148b50 000000f0 T Curl_getconnectinfo
00148c40 00000060 T Curl_conncontrol
00148ca0 00000040 T Curl_cf_setup_insert_after
00148ce0 00000094 T Curl_conn_setup
00148d74 00000018 t zalloc_cb
00148d8c 00000014 t zfree_cb
00148da0 00000008 t identity_init_writer
00148da8 00000004 t identity_close_writer
00148dac 000000f0 t check_gzip_header.part.0
00148e9c 00000008 t error_init_writer
00148ea4 00000004 t error_close_writer
00148ea8 0000003c t identity_unencode_write
00148ee4 00000080 t deflate_init_writer
00148f64 00000088 t gzip_close_writer
00148fec 00000088 t deflate_close_writer
00149074 000000b4 t exit_zlib
00149128 000000c8 t gzip_init_writer
001491f0 0000032c t inflate_stream
0014951c 00000080 t deflate_unencode_write
0014959c 000002f8 t gzip_unencode_write
00149894 00000100 T Curl_all_content_encodings
00149994 0000004c t error_unencode_write
001499e0 0000003c T Curl_unencode_write
00149a1c 00000210 T Curl_build_unencoding_stack
00149c2c 0000005c t freecookie
00149c88 00000020 t cookie_sort_ct
00149ca8 000000e4 t remove_expired
00149d8c 00000138 t cookie_sort
00149ec4 00000068 t cookie_tailmatch
00149f2c 000000f0 t get_netscape_format
0014a01c 000000c0 t cookiehash
0014a0dc 000000f4 t sanitize_cookie_path
0014a1d0 00001370 T Curl_cookie_add
0014b540 0000025c T Curl_cookie_init
0014b79c 00000094 T Curl_cookie_loadfiles
0014b830 00000428 T Curl_cookie_getlist
0014bc58 0000004c T Curl_cookie_clearall
0014bca4 00000024 T Curl_cookie_freelist
0014bcc8 00000080 T Curl_cookie_clearsess
0014bd48 00000054 T Curl_cookie_cleanup
0014bd9c 000000d8 T Curl_cookie_list
0014be74 00000390 T Curl_flush_cookies
0014c204 00000098 T Curl_get_line
0014c29c 0000003c T Curl_memrchr
0014c2d8 000000b8 t Curl_debug.part.0
0014c390 00000010 T Curl_debug
0014c3a0 000000b4 T Curl_failf
0014c454 00000088 T Curl_infof
0014c4dc 000000bc T Curl_trc_cf_infof
0014c598 00000008 T Curl_trc_init
0014c5a0 000000b8 t unescape_word
0014c658 000000c0 t sendf
0014c718 00000490 t dict_do
0014cba8 00000114 t dyn_nappend
0014ccbc 00000018 T Curl_dyn_init
0014ccd4 00000030 T Curl_dyn_free
0014cd04 00000020 T Curl_dyn_reset
0014cd24 00000074 T Curl_dyn_tail
0014cd98 00000004 T Curl_dyn_addn
0014cd9c 00000028 T Curl_dyn_add
0014cdc4 00000018 T Curl_dyn_vaddf
0014cddc 00000038 T Curl_dyn_addf
0014ce14 00000008 T Curl_dyn_ptr
0014ce1c 00000008 T Curl_dyn_uptr
0014ce24 00000008 T Curl_dyn_len
0014ce2c 00000024 T Curl_dyn_setlen
0014ce50 00000034 t file_setup_connection
0014ce84 00000054 t file_done
0014ced8 000007a8 t file_do
0014d680 00000054 t file_disconnect
0014d6d4 00000134 t file_connect
0014d808 0000017c T Curl_fopen
0014d984 00000098 t freedirs
0014da1c 00000030 t ftp_multi_statemach
0014da4c 00000090 t ftp_domore_getsock
0014dadc 00000008 t ftp_getsock
0014dae4 0000021c t ftp_state_retr
0014dd00 0000009c t ftp_state_use_pasv
0014dd9c 000000d4 t ftp_epsv_disable
0014de70 00000244 t ftp_state_ul_setup
0014e0b4 000006c4 t ftp_state_use_port
0014e778 000004c8 t ftp_state_pasv_resp
0014ec40 000000a8 t ftp_timeleft_accept
0014ece8 00000140 t AcceptServerConnect
0014ee28 00000100 t InitiateTransfer
0014ef28 00000034 t wc_data_dtor
0014ef5c 000003c0 t ftp_parse_url_path
0014f320 00000180 t ftp_setup_connection
0014f4a0 00000078 t ftp_endofresp
0014f518 0000015c t ftp_disconnect
0014f674 00000098 t ftp_state_size
0014f70c 0000006c t ftp_state_type
0014f778 00000068 t ftp_state_mdtm
0014f7e0 000002d8 t ftp_state_quote
0014fab8 000000dc t ftp_state_prepare_transfer
0014fb94 000002a0 t ftp_state_type_resp
0014fe34 0000006c t ftp_nb_type
0014fea0 0000006c t ftp_state_loggedin
0014ff0c 000000a8 t ftp_doing
0014ffb4 000000d0 t ftp_connect
00150084 0000020c T Curl_GetFTPResponse
00150290 00000198 t ReceivedServerConnect
00150428 000000ec t AllowServerConnect
00150514 00001558 t ftp_statemachine
00151a6c 000002e8 t ftp_do_more
00151d54 00000744 t ftp_do
00152498 000007b8 t ftp_done
00152c50 00000008 t fileinfo_dtor
00152c58 00000124 t ftp_pl_insert_finfo
00152d7c 00000028 T Curl_wildcard_init
00152da4 00000088 T Curl_wildcard_dtor
00152e2c 00000018 T Curl_ftp_parselist_data_alloc
00152e44 0000003c T Curl_ftp_parselist_data_free
00152e80 00000008 T Curl_ftp_parselist_geterror
00152e88 00000e68 T Curl_ftp_parselist
00153cf0 00000038 T curl_getenv
00153d28 00000008 t gopher_connect
00153d30 0000026c t gopher_do
00153f9c 00000044 t gopher_connecting
00153fe0 00000048 t hash_element_dtor
00154028 00000028 T Curl_hash_init
00154050 00000154 T Curl_hash_add
001541a4 000000a0 T Curl_hash_delete
00154244 00000080 T Curl_hash_pick
001542c4 0000006c T Curl_hash_destroy
00154330 000000c0 T Curl_hash_clean_with_criterium
001543f0 0000000c T Curl_hash_clean
001543fc 0000004c T Curl_hash_str
00154448 00000030 T Curl_str_key_compare
00154478 00000010 T Curl_hash_start_iterate
00154488 00000084 T Curl_hash_next_element
0015450c 00000314 T Curl_headers_push
00154820 00000050 T Curl_headers_cleanup
00154870 00000060 t hostcache_timestamp_remove
001548d0 0000003c t freednsentry
0015490c 00000090 t create_hostcache_id.constprop.0
0015499c 000001a0 t fetch_addr
00154b3c 00000034 T Curl_printable_address
00154b70 000000d8 T Curl_hostcache_prune
00154c48 00000068 T Curl_fetch_addr
00154cb0 00000268 T Curl_cache_addr
00154f18 0000002c T Curl_host_is_ipnum
00154f44 00000408 T Curl_resolv
0015534c 00000088 T Curl_resolv_timeout
001553d4 000000bc T Curl_resolv_unlock
00155490 00000030 T Curl_init_dnscache
001554c0 00000064 T Curl_hostcache_clean
00155528 000004f0 T Curl_loadhostpairs
00155a18 0000001c T Curl_resolv_check
00155a34 00000008 T Curl_resolv_getsock
00155a3c 00000064 T Curl_once_resolved
00155aa0 00000010 T Curl_ipvalid
00155ab0 0000007c T Curl_ipv4_resolve_r
00155b2c 00000068 T Curl_getaddrinfo
00155b94 0000009c t pickoneauth
00155c30 000000b0 t http_should_fail
00155ce0 00000020 t http_getsock_do
00155d00 00000068 t http_setup_conn
00155d68 00000130 t readmoredata
00155e98 00000228 t http_perhapsrewind
001560c0 00000030 T Curl_http_connect
001560f0 000000dc T Curl_http_done
001561cc 000000a8 t checkhttpprefix.isra.0
00156274 00000060 t checkprotoprefix.isra.0
001562d4 00000074 T Curl_checkProxyheaders
00156348 000004a0 t output_auth_headers
001567e8 0000010c T Curl_copy_header_value
001568f4 00000334 T Curl_http_auth_act
00156c28 00000188 T Curl_http_output_auth
00156db0 0000034c T Curl_http_input_auth
001570fc 000002c0 T Curl_buffer_send
001573bc 000000d4 T Curl_compareheader
00157490 000000dc t expect100
0015756c 000000e4 T Curl_http_compile_trailers
00157650 00000364 T Curl_dynhds_add_custom
001579b4 0000038c T Curl_add_custom_headers
00157d40 0000012c T Curl_add_timecondition
00157e6c 000000d0 T Curl_http_method
00157f3c 0000021c T Curl_http_host
00158158 00000238 T Curl_http_target
00158390 000002bc T Curl_http_body
0015864c 00000818 T Curl_http_bodysend
00158e64 0000037c T Curl_http_cookies
001591e0 00000144 T Curl_http_range
00159324 000001b0 T Curl_http_resume
001594d4 00000174 T Curl_http_firstwrite
00159648 000000dc T Curl_transferencode
00159724 0000072c T Curl_http
00159e50 000008c8 T Curl_http_header
0015a718 00000180 T Curl_http_statusline
0015a898 00000090 T Curl_http_size
0015a928 0000007c T Curl_bump_headersize
0015a9a4 00000c9c T Curl_http_readwrite_headers
0015b640 00000058 T Curl_http_req_free
0015b698 00000174 T Curl_http_req_make
0015b80c 0000003c t compare_func
0015b848 00000074 t calc_payload_hash
0015b8bc 000011d8 T Curl_output_aws_sigv4
0015ca94 00000018 T Curl_httpchunk_init
0015caac 00000398 T Curl_httpchunk_read
0015ce44 00000024 T Curl_chunked_strerror
0015ce68 000001a0 T Curl_input_ntlm
0015d008 000002b8 T Curl_output_ntlm
0015d2c0 0000001c T Curl_http_auth_cleanup_ntlm
0015d2dc 0000005c t http_proxy_cf_destroy
0015d338 000000d4 t http_proxy_cf_close
0015d40c 000001ac t http_proxy_cf_connect
0015d5b8 00000054 T Curl_cf_http_proxy_get_host
0015d60c 000000a8 T Curl_http_proxy_get_destination
0015d6b4 00000248 T Curl_http_proxy_create_CONNECT
0015d8fc 00000080 T Curl_cf_http_proxy_insert_after
0015d97c 00000034 T Curl_is_ASCII_name
0015d9b0 00000014 T Curl_idnconvert_hostname
0015d9c4 00000008 T Curl_if2ip
0015d9cc 00000044 t imap_setup_connection
0015da10 00000070 t imap_is_bchar
0015da80 00000154 t imap_sendf
0015dbd4 00000008 t imap_getsock
0015dbdc 000000a0 t imap_multi_statemach
0015dc7c 000000ec t imap_get_message
0015dd68 00000014 t imap_cancel_authenticate
0015dd7c 000001cc t imap_done
0015df48 00000034 t imap_continue_authenticate
0015df7c 000000ec t imap_perform_fetch
0015e068 000000bc t imap_matchresp
0015e124 00000374 t imap_endofresp
0015e498 000000f8 t imap_perform_upgrade_tls
0015e590 0000012c t imap_atom
0015e6bc 000000c4 t imap_perform_list
0015e780 0000023c t imap_connect
0015e9bc 00000044 t imap_perform_authenticate
0015ea00 000000b4 t imap_perform_login
0015eab4 000000e4 t imap_perform_authentication
0015eb98 000008c0 t imap_do
0015f458 000000d8 t imap_disconnect
0015f530 0000098c t imap_statemachine
0015febc 000000e4 t imap_doing
0015ffa0 00000010 t my_md5_final
0015ffb0 00000004 t my_md5_update
0015ffb4 00000018 t my_md5_init
0015ffcc 00000058 T Curl_md5it
00160024 00000094 T Curl_MD5_init
001600b8 0000001c T Curl_MD5_update
001600d4 00000044 T Curl_MD5_final
00160118 00000010 t mqtt_getsock
00160128 00000094 t mqtt_send
001601bc 00000090 t mqtt_recv_atleast
0016024c 00000034 t mqtt_done
00160280 00000428 t mqtt_do
001606a8 00000048 t mqtt_setup_conn
001606f0 00000090 t mqtt_get_topic.constprop.0
00160780 00000954 t mqtt_doing
001610d4 00000508 t parsenetrc
001615dc 000000ac T Curl_parsenetrc
00161688 00000044 T curlx_nonblock
001616cc 000003c0 T Curl_check_noproxy
00161a8c 000000c0 T Curl_pp_state_timeout
00161b4c 00000210 T Curl_pp_statemach
00161d5c 00000048 T Curl_pp_init
00161da4 0000000c T Curl_pp_setup
00161db0 0000013c T Curl_pp_vsendf
00161eec 0000002c T Curl_pp_sendf
00161f18 00000374 T Curl_pp_readresp
0016228c 00000020 T Curl_pp_getsock
001622ac 00000090 T Curl_pp_flushsend
0016233c 00000030 T Curl_pp_disconnect
0016236c 00000034 T Curl_pp_moredata
001623a0 00000044 t pop3_setup_connection
001623e4 00000014 t pop3_cancel_auth
001623f8 00000008 t pop3_getsock
00162400 0000009c t pop3_multi_statemach
0016249c 0000006c t pop3_done
00162508 000000ec t pop3_get_message
001625f4 00000034 t pop3_continue_auth
00162628 00000060 t pop3_perform_auth
00162688 000000e0 t pop3_endofresp
00162768 00000100 t pop3_perform_upgrade_tls
00162868 00000234 t pop3_connect
00162a9c 000000e0 t pop3_perform_apop.part.0
00162b7c 000000c8 t pop3_disconnect
00162c44 000001d8 t pop3_do
00162e1c 00000158 t pop3_perform_authentication
00162f74 0000009c t pop3_doing
00163010 00000218 T Curl_pop3_write
00163228 000007a4 t pop3_statemachine
001639cc 00000010 t rtsp_getsock_do
001639dc 00000014 t rtsp_disconnect
001639f0 0000003c t rtsp_connect
00163a2c 000000b0 t rtsp_done
00163adc 00000050 t rtsp_setup_connection
00163b2c 00000a94 t rtsp_do
001645c0 00000034 t rtsp_conncheck
001645f4 000002a4 t rtsp_rtp_readwrite
00164898 00000358 T Curl_rtsp_parseheader
00164bf0 00000014 t my_sha256_init
00164c04 00000004 t my_sha256_update
00164c08 00000010 t my_sha256_final
00164c18 00000050 T Curl_sha256it
00164c68 0000004c t smb_disconnect
00164cb4 00000014 t smb_getsock
00164cc8 00000020 t smb_do
00164ce8 000000e4 t smb_connect
00164dcc 00000144 t smb_setup_connection
00164f10 000001c0 t smb_send_and_recv.constprop.0
001650d0 000000b4 t smb_format_message.isra.0
00165184 0000008c t smb_send_message.part.0
00165210 000000e4 t smb_send_open
001652f4 00000134 t smb_send_tree_connect
00165428 000001f4 t smb_send_setup
0016561c 0000020c t smb_connection_state
00165828 00000764 t smb_request_state
00165f8c 00000044 t smtp_setup_connection
00165fd0 00000014 t smtp_cancel_auth
00165fe4 00000008 t smtp_getsock
00165fec 0000009c t smtp_multi_statemach
00166088 000000ec t smtp_get_message
00166174 00000034 t smtp_continue_auth
001661a8 00000060 t smtp_perform_auth
00166208 000000a8 t smtp_perform_authentication
001662b0 000001cc t smtp_done
0016647c 00000108 t smtp_endofresp
00166584 0000009c t smtp_parse_address.constprop.0
00166620 000000c4 t smtp_perform_rcpt_to
001666e4 00000214 t smtp_perform_command
001668f8 000005dc t smtp_do
00166ed4 00000070 t smtp_parse_url_path.isra.0
00166f44 00000160 t smtp_connect
001670a4 000000c8 t smtp_disconnect
0016716c 000000fc t smtp_perform_upgrade_tls
00167268 00000924 t smtp_statemachine
00167b8c 000000e8 t smtp_doing
00167c74 00000244 T Curl_smtp_escape_eob
00167eb8 00000054 t socks_proxy_cf_close
00167f0c 00000030 t socks_proxy_cf_destroy
00167f3c 00000090 t socks_cf_get_select_socks
00167fcc 00000058 t socks_cf_get_host
00168024 000000a8 t socks_state_recv.isra.0
001680cc 000000a8 t socks_state_send.isra.0
00168174 000011ac t socks_proxy_cf_connect
00169320 0000004c T Curl_cf_socks_proxy_insert_after
0016936c 0000001c T curl_easy_strerror
00169388 0000001c T curl_url_strerror
001693a4 000000e8 T Curl_strerror
0016948c 00000034 t telnet_done
001694c0 0000016c t send_telnet_data
0016962c 00000548 t printsub.part.0
00169b74 000000f0 t printoption.part.0
00169c64 0000008c t send_negotiation
00169cf0 00000158 t sendsuboption
00169e48 000002d0 t suboption
0016a118 00000eec t telnet_do
0016b004 00000050 t tftp_disconnect
0016b054 00000010 t tftp_getsock
0016b064 0000016c t tftp_set_timeouts
0016b1d0 000002f0 t tftp_rx
0016b4c0 00000064 t tftp_connect_for_rx
0016b524 00000364 t tftp_tx
0016b888 00000064 t tftp_connect_for_tx
0016b8ec 000001a8 t tftp_connect
0016ba94 0000008c t tftp_setup_connection
0016bb20 0000009c t tftp_translate_code.part.0
0016bbbc 0000004c t tftp_done
0016bc08 0000047c t tftp_send_first
0016c084 00000094 t tftp_state_machine
0016c118 000005ec t tftp_multi_statemach
0016c704 00000074 t tftp_doing
0016c778 000000a8 t tftp_do
0016c820 00000008 T Curl_auth_is_ntlm_supported
0016c828 000001e4 T Curl_auth_decode_ntlm_type2_message
0016ca0c 000000e0 T Curl_auth_create_ntlm_type1_message
0016caec 0000059c T Curl_auth_create_ntlm_type3_message
0016d088 0000002c T Curl_auth_cleanup_ntlm
0016d0b4 00000004 t mbedtls_close_all
0016d0b8 00000008 t mbedtls_init
0016d0c0 00000004 t mbedtls_cleanup
0016d0c4 0000000c t mbedtls_get_internals
0016d0d0 00000048 t mbed_send
0016d118 00000058 t mbed_recv
0016d170 0000001c t mbedtls_sha256sum
0016d18c 00000024 t mbedtls_session_free
0016d1b0 00000078 t mbedtls_close
0016d228 000000e4 t mbedtls_random
0016d30c 000000f4 t mbedtls_bio_cf_read
0016d400 000000ac t mbedtls_bio_cf_write
0016d4ac 00000f70 t mbed_connect_common
0016e41c 0000000c t mbedtls_connect_nonblocking
0016e428 0000001c t mbedtls_connect
0016e444 00000020 t mbedtls_data_pending
0016e464 00000050 t mbedtls_version
0016e4b4 00000008 T Curl_conn_may_http3
0016e4bc 0000007c t cf_h1_proxy_get_select_socks
0016e538 000002f4 t h1_tunnel_go_state
0016e82c 00000094 t cf_h1_proxy_close
0016e8c0 00000e90 t cf_h1_proxy_connect
0016f750 000000a8 t cf_h1_proxy_destroy
0016f7f8 0000004c T Curl_cf_h1_proxy_insert_after
0016f844 00000088 t cf_haproxy_close
0016f8cc 00000060 t cf_haproxy_get_select_socks
0016f92c 000001bc t cf_haproxy_connect
0016fae8 00000078 t cf_haproxy_destroy
0016fb60 000000a8 T Curl_cf_haproxy_insert_after
0016fc08 000001b0 t cf_hc_get_select_socks
0016fdb8 00000158 t cf_get_max_baller_time.isra.0
0016ff10 0000008c t cf_hc_query
0016ff9c 000000cc t cf_hc_data_pending
00170068 00000090 t cf_hc_reset.isra.0
001700f8 00000070 t cf_hc_destroy
00170168 00000090 t cf_hc_close
001701f8 000002b0 t baller_connected
001704a8 000006e4 t cf_hc_connect
00170b8c 0000013c T Curl_cf_https_setup
00170cc8 00000024 t cf_socket_get_host
00170cec 00000030 t cf_socket_get_select_socks
00170d1c 0000001c t cf_tcp_accept_connect
00170d38 00000070 t socket_open
00170da8 000000f0 t cf_socket_query
00170e98 00000180 t cf_socket_conn_is_alive
00171018 000000fc t conn_set_primary_ip
00171114 00000100 t nw_in_read
00171214 0000033c t cf_socket_recv
00171550 00000124 t cf_socket_send
00171678 00000050 t cf_socket_data_pending
001716c8 00000098 t socket_close
00171760 000001c0 t cf_socket_close
00171920 00000078 t cf_socket_destroy
00171998 00000080 t socket_connect_result
00171a18 000003ec t bindlocal.constprop.0
00171e04 000000f0 t set_accepted_remote_ip.isra.0
00171ef4 000000f0 t set_local_ip.isra.0
00171fe4 000002b8 t cf_socket_open
001722a0 0000025c t cf_tcp_connect
001724fc 00000234 t cf_udp_connect
00172730 000000a8 t cf_socket_cntrl
001727d8 00000060 T Curl_sock_assign_addr
00172838 00000080 T Curl_socket_open
001728b8 00000028 T Curl_socket_close
001728e0 000000f0 T Curl_cf_tcp_create
001729d0 000000f0 T Curl_cf_udp_create
00172ac0 000000f0 T Curl_cf_unix_create
00172bb0 0000015c T Curl_conn_tcp_listen_set
00172d0c 000000fc T Curl_conn_tcp_accepted_set
00172e08 00000030 T Curl_freeaddrinfo
00172e38 000001b4 T Curl_getaddrinfo_ex
00172fec 0000011c T Curl_he2ai
00173108 000000fc T Curl_ip2addr
00173204 00000048 T Curl_str2addr
0017324c 00000008 T Curl_read16_le
00173254 00000008 T Curl_read32_le
0017325c 00000010 T Curl_read16_be
0017326c 00000044 T Curl_fnmatch
001732b0 00000044 T Curl_gethostname
001732f4 000000c4 t encrypt_des.isra.0
001733b8 00000044 T Curl_ntlm_core_lm_resp
001733fc 0000007c T Curl_ntlm_core_mk_lm_hash
00173478 000000c4 T Curl_ntlm_core_mk_nt_hash
0017353c 00000110 T Curl_ntlm_core_mk_ntlmv2_hash
0017364c 000001bc T Curl_ntlm_core_mk_ntlmv2_resp
00173808 00000098 T Curl_ntlm_core_mk_lmv2_resp
001738a0 0000014c T Curl_range
001739ec 000000a4 t get_server_message
00173a90 000000c0 t build_message.isra.0
00173b50 00000010 T Curl_sasl_cleanup
00173b60 000000b4 T Curl_sasl_decode_mech
00173c14 000000a0 T Curl_sasl_parse_url_auth_option
00173cb4 00000094 T Curl_sasl_init
00173d48 00000024 T Curl_sasl_can_authenticate
00173d6c 00000470 T Curl_sasl_start
001741dc 00000454 T Curl_sasl_continue
00174630 00000070 t skipqname
001746a0 000000c0 t doh_done
00174760 0000002c t doh_write_cb
0017478c 000007b0 T Curl_doh
00174f3c 00000c30 T Curl_doh_is_resolved
00175b6c 00000020 T Curl_dynhds_init
00175b8c 00000074 T Curl_dynhds_free
00175c00 00000184 T Curl_dynhds_add
00175d84 0000004c T Curl_dynhds_cadd
00175dd0 00000200 T Curl_dynhds_h1_add_line
00175fd0 00000030 T Curl_dynhds_h1_cadd_line
00176000 00000088 T Curl_dynhds_h1_dprint
00176088 00000018 T Curl_fileinfo_alloc
001760a0 0000002c T Curl_fileinfo_cleanup
001760cc 00000004 t fseeko_wrapper
001760d0 00000088 t setname
00176158 000002ec t Curl_getformdata.part.0
00176444 00000044 T Curl_getformdata
00176488 00000168 T Curl_HMAC_init
001765f0 0000001c T Curl_HMAC_update
0017660c 0000006c T Curl_HMAC_final
00176678 0000006c T Curl_hmacit
001766e4 000000ac T Curl_h1_req_write_head
00176790 0000071c t body
00176eb0 00000290 T Curl_md4it
00177140 00000100 T Curl_auth_create_plain_message
00177240 0000002c T Curl_auth_create_login_message
0017726c 0000002c T Curl_auth_create_external_message
00177298 00000150 T Curl_auth_create_cram_md5_message
001773e8 0000008c T Curl_auth_create_oauth_bearer_message
00177474 00000058 T Curl_auth_create_xoauth_bearer_message
001774cc 00000100 t prune_head
001775cc 00000164 t get_non_full_tail
00177730 00000028 T Curl_bufq_init
00177758 00000074 T Curl_bufq_free
001777cc 00000044 T Curl_bufq_reset
00177810 0000002c T Curl_bufq_is_empty
0017783c 000000f4 T Curl_bufq_read
00177930 000000a4 T Curl_bufq_sipn
001779d4 000000b4 T Curl_bufq_slurp
00177a88 0000065c t swap_bytes
001780e4 0000017c t conv_s16_to_s32
00178260 00000298 t cap_fit
001784f8 000001a8 t enc_chan_fit
001786a0 0000006c T mpg123_encsize
0017870c 00000c44 T INT123_frame_output_format
00179350 00000070 T mpg123_format_none
001793c0 000001ec T mpg123_fmt_all
001795ac 000003cc T mpg123_fmt2
00179978 0000004c T mpg123_format
001799c4 00000014 T INT123_invalidate_format
001799d8 0000003c T INT123_decoder_synth_bytes
00179a14 0000003c T INT123_samples_to_bytes
00179a50 0000005c T INT123_outblock_bytes
00179aac 0000170c T INT123_postprocess_buffer
0017b1b8 000000f0 t decode_the_frame
0017b2a8 000001ac t frame_buffercheck.part.0.constprop.0
0017b454 00000008 T mpg123_init
0017b45c 00000004 T mpg123_exit
0017b460 00000080 T mpg123_parnew
0017b4e0 00000014 T mpg123_new
0017b4f4 00000210 T INT123_decode_update
0017b704 00000284 t get_next_frame
0017b988 0000005c T mpg123_feed
0017b9e4 00000244 T mpg123_decode
0017bc28 00000030 T mpg123_read
0017bc58 00000080 T mpg123_getformat
0017bcd8 00000060 T mpg123_close
0017bd38 00000024 T mpg123_open_feed
0017bd5c 00000024 T mpg123_delete
0017bd80 0000017c t fi_shrink
0017bf00 00000038 T INT123_fi_init
0017bf38 00000058 T INT123_fi_exit
0017bf90 00000130 T INT123_fi_resize
0017c0c0 000000bc T INT123_fi_add
0017c180 00000028 T INT123_fi_reset
0017c1a8 0000000c T INT123_init_icy
0017c1b4 00000024 T INT123_clear_icy
0017c1d8 00000024 T INT123_reset_icy
0017c1fc 00000290 T INT123_synth_ntom_set_step
0017c48c 00000150 T INT123_ntom_set_ntom
0017c5dc 00000030 T INT123_ntom_frame_outsamples
0017c60c 00000100 T INT123_ntom_frmouts
0017c70c 000000bc T INT123_ntom_ins2outs
0017c7c8 00000124 T INT123_ntom_frameoff
0017c8ec 00000014 T mpg123_init_string
0017c900 00000030 T mpg123_free_string
0017c930 00000060 T mpg123_grow_string
0017c990 00000080 T mpg123_move_string
0017ca10 00000040 T mpg123_same_string
0017ca50 00000014 T INT123_safe_realloc
0017ca64 00000724 t decode_header
0017d188 00000098 t forget_head_shift
0017d220 000000b0 t getbits.constprop.0
0017d2d0 00000018 T INT123_frame_freq
0017d2e8 00002078 T INT123_read_frame
0017f360 0000009c T INT123_set_pointer
0017f400 000001d4 t frame_fixed_reset
0017f5d8 00000188 t frame_fuzzy_find.constprop.0
0017f760 000000e8 T INT123_frame_outbuffer
0017f848 000000b4 T INT123_frame_index_setup
0017f900 0000022c T INT123_frame_init_par
0017fb2c 00000160 T INT123_frame_buffers
0017fc90 000000a0 T INT123_frame_buffers_reset
0017fd30 00000044 T INT123_frame_fill_toc
0017fd74 00000044 T INT123_frame_reset
0017fdb8 000000f0 T INT123_frame_exit
0017fea8 00000148 T INT123_frame_index_find
0017fff0 000000ac T INT123_frame_ins2outs
0018009c 000000b0 T INT123_frame_outs
0018014c 00000098 T INT123_frame_expect_outsamples
001801e4 000000ac T INT123_frame_offset
00180290 000000a4 T INT123_frame_gapless_init
00180334 00000080 T INT123_frame_gapless_realinit
001803b4 0000017c T INT123_frame_set_frameseek
00180530 0000001c T INT123_frame_skip
00180550 00000178 T INT123_do_rva
001806c8 000001d4 t next_text
0018089c 00000218 t promote_framename
00180ab4 000006bc t convert_utf16bom
00181170 000002d0 t convert_latin1
00181440 00000048 t convert_utf8
00181488 000003f0 t add_id3_text
00181878 00000058 T INT123_init_id3
001818d0 000002b0 T INT123_exit_id3
00181b80 00000060 T INT123_reset_id3
00181be0 0000028c T INT123_id3_to_utf8
00181e6c 0000011c t store_id3_text.part.0
00181f88 00000134 T store_id3v2
001820bc 00002334 T INT123_parse_new_id3
001843f0 00000048 t synth_stereo_wrap
00184438 00000008 T INT123_defdec
00184440 00000020 T INT123_decclass
00184460 00000328 T INT123_set_synth_functions
00184788 000002b0 T INT123_frame_cpu_opt
00184a38 0000000c t nix_lseek
00184a44 000000b4 t plain_fullread
00184af8 0000004c t generic_head_read
00184b44 0000004c t generic_head_shift
00184b90 00000030 t generic_read_frame_body
00184bc0 00000068 t generic_tell
00184c28 0000006c t feed_skip_bytes
00184c94 00000008 t feed_seek_frame
00184c9c 00000018 t bad_init
00184cb4 00000004 t bad_close
00184cb8 00000018 t bad_fullread
00184cd0 00000018 t bad_head_read
00184ce8 0000001c t bad_skip_bytes
00184d04 00000018 t bad_back_bytes
00184d1c 0000001c t bad_tell
00184d38 00000038 t plain_read
00184d70 00000130 t bc_give
00184ea0 00000030 t feed_read
00184ed0 00000130 t bc_add
00185000 000003d8 t icy_fullread
001853d8 000001ac t buffered_fullread
00185584 00000124 t stream_seek_frame
001856a8 00000004 t posix_lseek
001856ac 00000004 t posix_read
001856b0 000000fc t buffered_forget
001857ac 00000058 t io_seek
00185804 00000138 t stream_skip_bytes
0018593c 00000060 t stream_back_bytes
001859a0 000002d8 t default_init
00185c78 00000018 t bad_read_frame_body
00185c90 00000018 t bad_seek_frame
00185ca8 00000018 t bad_head_shift
00185cc0 00000004 t bad_rewind
00185cc4 0000008c t stream_rewind
00185d50 000001e0 t bc_fill_pool.isra.0
00185f30 00000050 t feed_init
00185f80 0000008c t bc_reset
0018600c 0000007c t stream_close
00186088 00000090 t feed_back_bytes
00186118 00000038 T INT123_bc_prepare
00186150 00000104 T INT123_bc_cleanup
00186254 00000070 T INT123_feed_more
001862c4 0000005c T INT123_open_bad
00186320 0000009c T INT123_open_feed
001863c0 000002d8 T INT123_make_decode_tables
00186698 00000b34 T INT123_make_conv16to8_table
001871cc 000000b4 t getbits
00187280 000020d8 T INT123_do_layer1
00189358 000000b4 t getbits
0018940c 000000ec T INT123_init_layer12_stuff
001894f8 0000002c T INT123_init_layer12_table
00189524 00001f08 T INT123_do_layer2
0018b42c 000002a0 t III_get_scale_factors_2
0018b6cc 0000045c t dct12
0018bb28 000000b4 t getbits
0018bbe0 00001ab0 t III_dequantize_sample
0018d690 000012d4 t III_get_scale_factors_1.isra.0
0018e968 00000030 T INT123_init_layer3_gainpow2
0018e998 00000430 T INT123_init_layer3_stuff
0018edc8 00000594 T INT123_dct36
0018f360 0000368c T INT123_do_layer3
001929ec 0000044c T INT123_synth_1to1_8bit
00192e38 000000ac T INT123_synth_1to1_8bit_mono
00192ee4 00000090 T INT123_synth_1to1_8bit_m2s
00192f74 0000010c T INT123_synth_1to1_8bit_wrap
00193080 000000f4 T INT123_synth_1to1_8bit_wrap_mono
00193174 0000016c T INT123_synth_1to1_8bit_wrap_m2s
001932e0 0000044c T INT123_synth_2to1_8bit
0019372c 000000cc T INT123_synth_2to1_8bit_mono
001937f8 000000b4 T INT123_synth_2to1_8bit_m2s
001938ac 00000658 T INT123_synth_4to1_8bit
00193f04 0000008c T INT123_synth_4to1_8bit_mono
00193f90 00000074 T INT123_synth_4to1_8bit_m2s
00194004 000009ec T INT123_synth_ntom_8bit
001949f0 00000178 T INT123_synth_ntom_8bit_mono
00194b68 00000120 T INT123_synth_ntom_8bit_m2s
00194c88 00000424 T INT123_synth_1to1
001950ac 000000ac T INT123_synth_1to1_mono
00195158 00000090 T INT123_synth_1to1_m2s
001951e8 00000424 T INT123_synth_2to1
0019560c 000000cc T INT123_synth_2to1_mono
001956d8 000000b4 T INT123_synth_2to1_m2s
0019578c 000008fc T INT123_synth_4to1
00196088 0000008c T INT123_synth_4to1_mono
00196114 00000074 T INT123_synth_4to1_m2s
00196188 00000e80 T INT123_synth_ntom
00197008 00000160 T INT123_synth_ntom_mono
00197168 00000138 T INT123_synth_ntom_m2s
001972a0 00000428 T INT123_synth_1to1_s32
001976c8 000000ac T INT123_synth_1to1_s32_mono
00197774 000000a4 T INT123_synth_1to1_s32_m2s
00197818 00000428 T INT123_synth_2to1_s32
00197c40 000000cc T INT123_synth_2to1_s32_mono
00197d0c 000000b4 T INT123_synth_2to1_s32_m2s
00197dc0 00000924 T INT123_synth_4to1_s32
001986e4 0000008c T INT123_synth_4to1_s32_mono
00198770 00000074 T INT123_synth_4to1_s32_m2s
001987e8 00000e64 T INT123_synth_ntom_s32
0019964c 00000160 T INT123_synth_ntom_s32_mono
001997ac 0000014c T INT123_synth_ntom_s32_m2s
001998f8 0000036c T INT123_synth_1to1_real
00199c64 000000ac T INT123_synth_1to1_real_mono
00199d10 000000a8 T INT123_synth_1to1_real_m2s
00199db8 00000368 T INT123_synth_2to1_real
0019a120 000000cc T INT123_synth_2to1_real_mono
0019a1ec 000000b4 T INT123_synth_2to1_real_m2s
0019a2a0 0000077c T INT123_synth_4to1_real
0019aa1c 0000008c T INT123_synth_4to1_real_mono
0019aaa8 00000074 T INT123_synth_4to1_real_m2s
0019ab1c 000006a4 T INT123_synth_ntom_real
0019b1c0 00000164 T INT123_synth_ntom_real_mono
0019b324 00000150 T INT123_synth_ntom_real_m2s
0019b474 00000004 T INT123_compat_close
0019b478 0000091c T INT123_dct64
0019bd94 000000a4 T INT123_do_equalizer
0019be38 000000a0 T mbedtls_ssl_list_ciphersuites
0019bed8 00000038 T mbedtls_ssl_ciphersuite_from_id
0019bf10 0000003c T mbedtls_ssl_get_ciphersuite_name
0019bf4c 0000003c T mbedtls_ssl_get_ciphersuite_sig_pk_alg
0019bf88 0000002c T mbedtls_ssl_get_ciphersuite_sig_alg
0019bfb4 00000030 T mbedtls_ssl_ciphersuite_uses_ec
0019bfe4 00000018 T mbedtls_ssl_ciphersuite_uses_psk
0019bffc 0000007c t ssl_hs_is_proper_fragment
0019c078 000000d8 t ssl_check_ctr_renegotiate
0019c150 0000005c t ssl_buffering_free_slot.isra.0
0019c1ac 00000058 T mbedtls_ssl_set_timer
0019c204 00000aec T mbedtls_ssl_encrypt_buf
0019ccf0 00000ab4 T mbedtls_ssl_decrypt_buf
0019d7a4 00000030 T mbedtls_ssl_flight_free
0019d7d4 00000120 T mbedtls_ssl_recv_flight_completed
0019d8f4 000000c0 T mbedtls_ssl_send_flight_completed
0019d9b4 00000080 T mbedtls_ssl_update_handshake_status
0019da34 00000014 T mbedtls_ssl_dtls_replay_reset
0019da48 000000a4 T mbedtls_ssl_dtls_replay_check
0019daec 00000364 t ssl_parse_record_header
0019de50 000000f0 T mbedtls_ssl_dtls_replay_update
0019df40 00000064 T mbedtls_ssl_update_out_pointers
0019dfa4 000001d8 T mbedtls_ssl_flush_output
0019e17c 000000c4 t ssl_swap_epochs.isra.0
0019e240 0000006c T mbedtls_ssl_reset_in_out_pointers
0019e2ac 00000014 T mbedtls_ssl_get_bytes_avail
0019e2c0 000000b8 T mbedtls_ssl_get_record_expansion
0019e378 000000a0 t ssl_get_remaining_payload_in_datagram
0019e418 00000488 T mbedtls_ssl_write_record
0019e8a0 0000052c T mbedtls_ssl_write_handshake_msg
0019edcc 000000c4 T mbedtls_ssl_write_change_cipher_spec
0019ee90 00000128 T mbedtls_ssl_send_alert_message
0019efb8 00000164 t ssl_write_real
0019f11c 000003f8 T mbedtls_ssl_flight_transmit
0019f514 0000036c T mbedtls_ssl_prepare_handshake_record
0019f880 00000314 T mbedtls_ssl_handle_message_type
0019fb94 00000740 T mbedtls_ssl_fetch_input
001a02d4 00001b2c T mbedtls_ssl_read_record
001a1e00 000001ec T mbedtls_ssl_parse_change_cipher_spec
001a1fec 0000067c T mbedtls_ssl_read
001a2668 000001b4 T mbedtls_ssl_write
001a281c 0000003c T mbedtls_ssl_transform_free
001a2858 000000ac T mbedtls_ssl_buffering_free
001a2904 00000034 T mbedtls_ssl_write_version
001a2938 00000040 T mbedtls_ssl_read_version
001a2978 0000000c t ssl_cookie_write_dummy
001a2984 0000000c t ssl_cookie_check_dummy
001a2990 00000238 t tls_prf_generic
001a2bc8 00000050 t tls_prf_sha256
001a2c18 00000050 t tls_prf_sha384
001a2c68 000003dc t tls1_prf
001a3044 00000148 t ssl_calc_finished_tls_sha256
001a318c 000000c4 t ssl_calc_verify_tls_sha256
001a3250 00000150 t ssl_calc_finished_tls_sha384
001a33a0 000000c8 t ssl_calc_verify_tls_sha384
001a3468 000001a8 t ssl_calc_finished_tls
001a3610 000000f0 t ssl_calc_verify_tls
001a3700 00000774 t ssl_populate_transform
001a3e74 000000bc t ssl_write_hello_request
001a3f30 0000000c t ssl_update_checksum_sha256
001a3f3c 0000000c t ssl_update_checksum_sha384
001a3f48 00000034 t ssl_update_checksum_md5sha1
001a3f7c 0000005c t ssl_update_checksum_start
001a3fd8 00000100 T mbedtls_ssl_session_copy
001a40d8 000003c0 T mbedtls_ssl_derive_keys
001a4498 000002c0 T mbedtls_ssl_psk_derive_premaster
001a4758 00000094 T mbedtls_ssl_resend_hello_request
001a47ec 00000360 T mbedtls_ssl_write_certificate
001a4b4c 00000044 T mbedtls_ssl_optimize_checksum
001a4b90 00000044 T mbedtls_ssl_reset_checksum
001a4bd4 000002a8 T mbedtls_ssl_write_finished
001a4e7c 00000258 T mbedtls_ssl_parse_finished
001a50d4 0000000c T mbedtls_ssl_session_init
001a50e0 0000000c T mbedtls_ssl_init
001a50ec 00000008 T mbedtls_ssl_conf_authmode
001a50f4 0000000c T mbedtls_ssl_conf_rng
001a5100 00000014 T mbedtls_ssl_set_bio
001a5114 0000005c T mbedtls_ssl_set_session
001a5170 00000014 T mbedtls_ssl_conf_ciphersuites
001a5184 00000008 T mbedtls_ssl_conf_cert_profile
001a518c 0000006c T mbedtls_ssl_conf_own_cert
001a51f8 0000000c T mbedtls_ssl_conf_ca_chain
001a5204 0000007c T mbedtls_ssl_conf_dh_param_bin
001a5280 000000d4 T mbedtls_ssl_set_hostname
001a5354 0000000c T mbedtls_ssl_conf_max_version
001a5360 0000000c T mbedtls_ssl_conf_min_version
001a536c 00000008 T mbedtls_ssl_conf_renegotiation
001a5374 00000008 T mbedtls_ssl_conf_session_tickets
001a537c 00000028 T mbedtls_ssl_get_verify_result
001a53a4 00000024 T mbedtls_ssl_get_ciphersuite
001a53c8 00000080 T mbedtls_ssl_get_output_max_frag_len
001a5448 0000005c T mbedtls_ssl_get_current_mtu
001a54a4 000000dc T mbedtls_ssl_get_max_out_record_payload
001a5580 00000018 T mbedtls_ssl_get_peer_cert
001a5598 00000040 T mbedtls_ssl_get_session
001a55d8 0000014c T mbedtls_ssl_handshake
001a5724 000000b4 T mbedtls_ssl_handshake_free
001a57d8 0000009c T mbedtls_ssl_handshake_wrapup_free_hs_transform
001a5874 000001ac T mbedtls_ssl_handshake_wrapup
001a5a20 000001b8 t mbedtls_ssl_free.part.0
001a5bd8 0000027c t ssl_handshake_init
001a5e58 00000110 T mbedtls_ssl_setup
001a5f68 00000240 T mbedtls_ssl_session_reset_int
001a61a8 000000fc T mbedtls_ssl_start_renegotiation
001a62a4 00000104 T mbedtls_ssl_renegotiate
001a63a8 00000044 T mbedtls_ssl_session_free
001a63ec 0000000c T mbedtls_ssl_free
001a63f8 0000000c T mbedtls_ssl_config_init
001a6404 000001ec T mbedtls_ssl_config_defaults
001a65f0 00000098 T mbedtls_ssl_config_free
001a6688 0000003c T mbedtls_ssl_sig_from_pk
001a66c4 0000001c T mbedtls_ssl_sig_from_pk_alg
001a66e0 00000018 T mbedtls_ssl_pk_alg_from_sig
001a66f8 00000028 T mbedtls_ssl_sig_hash_set_find
001a6720 00000030 T mbedtls_ssl_sig_hash_set_add
001a6750 0000000c T mbedtls_ssl_sig_hash_set_const_hash
001a675c 00000018 T mbedtls_ssl_md_alg_from_hash
001a6774 00000018 T mbedtls_ssl_hash_from_md_alg
001a678c 00000044 T mbedtls_ssl_check_curve
001a67d0 00000044 T mbedtls_ssl_check_sig_hash
001a6814 00000108 T mbedtls_ssl_check_cert_usage
001a691c 000009fc T mbedtls_ssl_parse_certificate
001a7318 00000078 T mbedtls_ssl_set_calc_verify_md
001a7390 000001e0 T mbedtls_ssl_get_key_exchange_md_ssl_tls
001a7570 00000170 T mbedtls_ssl_get_key_exchange_md_tls1_2
001a76e0 0000015c t mbedtls_debug_print_mpi.part.0
001a783c 00000148 t mbedtls_debug_print_ecp.part.0
001a7984 000000b0 T mbedtls_debug_print_msg
001a7a34 000000b8 T mbedtls_debug_print_ret
001a7aec 000001ec T mbedtls_debug_print_buf
001a7cd8 00000058 T mbedtls_debug_print_mpi
001a7d30 000002f4 T mbedtls_debug_print_crt
001a8024 00000110 T mbedtls_debug_printf_ecdh
001a8134 000000d8 t ssl_check_server_ecdh_params
001a820c 00000228 t ssl_write_encrypted_pms
001a8434 000000b0 t ssl_validate_ciphersuite
001a84e4 0000128c t ssl_write_client_hello
001a9770 00002ecc T mbedtls_ssl_handshake_client_step
001ac63c 00000120 t ssl_parse_client_dh_public
001ac75c 000021cc t ssl_parse_client_hello
001ae928 000001b4 t ssl_parse_client_psk_identity
001aeadc 000002ac t ssl_parse_encrypted_pms
001aed88 000026bc T mbedtls_ssl_handshake_server_step
001b1444 000000d0 t mbedtls_x509_crl_free.part.0
001b1514 000006a0 T mbedtls_x509_crl_parse_der
001b1bb4 00000120 T mbedtls_x509_crl_parse
001b1cd4 0000005c T mbedtls_x509_crl_parse_file
001b1d30 0000000c T mbedtls_x509_crl_init
001b1d3c 0000000c T mbedtls_x509_crl_free
001b1d48 000000b8 t x509_profile_check_key
001b1e00 00000178 t mbedtls_x509_crt_free.part.0
001b1f78 0000012c t x509_name_cmp
001b20a4 00000134 t x509_crt_check_cn
001b21d8 00000804 t x509_crt_verify_restartable_ca_cb.constprop.0.isra.0
001b29dc 00000220 T mbedtls_x509_parse_subject_alt_name
001b2bfc 00000e04 t mbedtls_x509_crt_parse_der_internal
001b3a00 00000024 T mbedtls_x509_crt_parse_der
001b3a24 000001a4 T mbedtls_x509_crt_parse
001b3bc8 0000005c T mbedtls_x509_crt_parse_file
001b3c24 000000ec T mbedtls_x509_crt_parse_path
001b3d10 00000d34 T mbedtls_x509_crt_info
001b4a44 0000004c T mbedtls_x509_crt_check_key_usage
001b4a90 000000ac T mbedtls_x509_crt_check_extended_key_usage
001b4b3c 00000004 T mbedtls_x509_crt_verify_restartable
001b4b40 0000000c T mbedtls_x509_crt_init
001b4b4c 0000000c T mbedtls_x509_crt_free
001b4b58 000000b4 t x509_check_time
001b4c0c 00000078 t x509_get_current_time
001b4c84 0000007c T mbedtls_x509_get_serial
001b4d00 00000014 T mbedtls_x509_get_alg
001b4d14 00000340 T mbedtls_x509_get_rsassa_pss_params
001b5054 00000218 T mbedtls_x509_get_name
001b526c 000003ac T mbedtls_x509_get_time
001b5618 00000064 T mbedtls_x509_get_sig
001b567c 000000d4 T mbedtls_x509_get_sig_alg
001b5750 00000088 T mbedtls_x509_get_ext
001b57d8 00000218 T mbedtls_x509_dn_gets
001b59f0 00000148 T mbedtls_x509_serial_gets
001b5b38 00000140 T mbedtls_x509_sig_alg_gets
001b5c78 0000003c T mbedtls_x509_key_size_helper
001b5cb4 00000034 T mbedtls_x509_time_is_past
001b5ce8 00000034 T mbedtls_x509_time_is_future
001b5d1c 00000064 t asn1_get_sequence_of_cb
001b5d80 00000108 T mbedtls_asn1_get_len
001b5e88 00000114 t asn1_get_tagged_int
001b5f9c 00000040 T mbedtls_asn1_get_tag
001b5fdc 00000088 T mbedtls_asn1_get_bool
001b6064 0000000c T mbedtls_asn1_get_int
001b6070 0000007c T mbedtls_asn1_get_mpi
001b60ec 000000a4 T mbedtls_asn1_get_bitstring
001b6190 0000015c T mbedtls_asn1_traverse_sequence_of
001b62ec 00000084 T mbedtls_asn1_get_bitstring_null
001b6370 00000058 T mbedtls_asn1_get_sequence_of
001b63c8 00000130 T mbedtls_asn1_get_alg
001b64f8 00000054 T mbedtls_asn1_get_alg_null
001b654c 00000218 t mpi_mul_hlp
001b6764 000000c0 t mpi_fill_random_internal
001b6824 00000014 T mbedtls_mpi_init
001b6838 00000040 T mbedtls_mpi_free
001b6878 00000090 T mbedtls_mpi_grow
001b6908 000000b4 t mbedtls_mpi_resize_clear
001b69bc 000000cc T mbedtls_mpi_shrink
001b6a88 000000f4 T mbedtls_mpi_copy
001b6b7c 00000098 T mbedtls_mpi_lset
001b6c14 00000028 T mbedtls_mpi_get_bit
001b6c3c 00000074 T mbedtls_mpi_set_bit
001b6cb0 00000064 T mbedtls_mpi_lsb
001b6d14 00000078 T mbedtls_mpi_bitlen
001b6d8c 00000014 T mbedtls_mpi_size
001b6da0 00000068 T mbedtls_mpi_read_binary_le
001b6e08 000000a4 T mbedtls_mpi_read_binary
001b6eac 00000104 T mbedtls_mpi_write_binary_le
001b6fb0 000000b8 T mbedtls_mpi_write_binary
001b7068 000000fc T mbedtls_mpi_shift_l
001b7164 00000124 T mbedtls_mpi_shift_r
001b7288 000000c8 T mbedtls_mpi_cmp_abs
001b7350 00000104 T mbedtls_mpi_cmp_mpi
001b7454 00000038 T mbedtls_mpi_cmp_int
001b748c 00000128 T mbedtls_mpi_add_abs
001b75b4 00000188 T mbedtls_mpi_sub_abs
001b773c 000000ac t add_sub_mpi
001b77e8 00000008 T mbedtls_mpi_add_mpi
001b77f0 00000008 T mbedtls_mpi_sub_mpi
001b77f8 00000038 T mbedtls_mpi_add_int
001b7830 0000003c T mbedtls_mpi_sub_int
001b786c 00000200 T mbedtls_mpi_mul_mpi
001b7a6c 000000d0 T mbedtls_mpi_mul_int
001b7b3c 000008c4 T mbedtls_mpi_div_mpi
001b8400 000000fc T mbedtls_mpi_mod_mpi
001b84fc 000000b8 T mbedtls_mpi_mod_int
001b85b4 000000a8 t mpi_check_small_factors
001b865c 0000003c T mbedtls_mpi_montmul_init
001b8698 00000198 T mbedtls_mpi_montmul
001b8830 0000008c T mbedtls_mpi_get_mont_r2_unsafe
001b88bc 00000a0c T mbedtls_mpi_exp_mod
001b92c8 000006cc t mpi_miller_rabin
001b9994 0000046c T mbedtls_mpi_gcd
001b9e00 00000054 T mbedtls_mpi_fill_random
001b9e54 000001ac T mbedtls_mpi_random
001ba000 00000cb4 T mbedtls_mpi_inv_mod
001bacb4 000000d0 T mbedtls_mpi_is_prime_ext
001bad84 00000038 t add_pkcs_padding
001badbc 00000044 t add_one_and_zeros_padding
001bae00 00000048 t add_zeros_and_len_padding
001bae48 00000020 t add_zeros_padding
001bae68 00000020 t get_no_padding
001bae88 000000b0 t get_zeros_and_len_padding
001baf38 000000b4 t get_pkcs_padding
001bafec 000000bc t get_one_and_zeros_padding
001bb0a8 000000f8 t mbedtls_cipher_aead_encrypt
001bb1a0 00000160 t mbedtls_cipher_aead_decrypt
001bb300 00000084 t get_zeros_padding
001bb384 00000040 T mbedtls_cipher_info_from_type
001bb3c4 00000064 T mbedtls_cipher_info_from_values
001bb428 0000000c T mbedtls_cipher_init
001bb434 00000054 T mbedtls_cipher_free
001bb488 00000074 T mbedtls_cipher_setup
001bb4fc 0000008c T mbedtls_cipher_setkey
001bb588 000000dc T mbedtls_cipher_set_iv
001bb664 00000024 T mbedtls_cipher_reset
001bb688 000003dc T mbedtls_cipher_update
001bba64 00000164 T mbedtls_cipher_finish
001bbbc8 000000d8 T mbedtls_cipher_set_padding_mode
001bbca0 0000009c T mbedtls_cipher_crypt
001bbd3c 00000074 T mbedtls_cipher_auth_encrypt_ext
001bbdb0 00000068 T mbedtls_cipher_auth_decrypt_ext
001bbe18 00000018 t chachapoly_ctx_free
001bbe30 00000024 t chachapoly_ctx_alloc
001bbe54 0000002c t chachapoly_setkey_wrap
001bbe80 00000018 t chacha20_ctx_free
001bbe98 00000024 t chacha20_ctx_alloc
001bbebc 0000002c t chacha20_setkey_wrap
001bbee8 0000001c t chacha20_stream_wrap
001bbf04 00000018 t des3_ctx_free
001bbf1c 00000024 t des3_ctx_alloc
001bbf40 00000004 t des3_set3key_dec_wrap
001bbf44 00000004 t des3_set3key_enc_wrap
001bbf48 00000004 t des3_crypt_cbc_wrap
001bbf4c 0000000c t des3_crypt_ecb_wrap
001bbf58 00000004 t des3_set2key_dec_wrap
001bbf5c 00000004 t des3_set2key_enc_wrap
001bbf60 00000018 t des_ctx_free
001bbf78 00000024 t des_ctx_alloc
001bbf9c 00000004 t des_setkey_dec_wrap
001bbfa0 00000004 t des_setkey_enc_wrap
001bbfa4 00000004 t des_crypt_cbc_wrap
001bbfa8 0000000c t des_crypt_ecb_wrap
001bbfb4 00000018 t ccm_ctx_free
001bbfcc 00000024 t ccm_ctx_alloc
001bbff0 00000014 t ccm_camellia_setkey_wrap
001bc004 00000014 t ccm_aes_setkey_wrap
001bc018 00000018 t gcm_ctx_free
001bc030 00000024 t gcm_ctx_alloc
001bc054 00000014 t gcm_camellia_setkey_wrap
001bc068 00000014 t gcm_aes_setkey_wrap
001bc07c 00000018 t camellia_ctx_free
001bc094 00000024 t camellia_ctx_alloc
001bc0b8 00000004 t camellia_setkey_dec_wrap
001bc0bc 00000004 t camellia_setkey_enc_wrap
001bc0c0 00000004 t camellia_crypt_ctr_wrap
001bc0c4 00000004 t camellia_crypt_cfb128_wrap
001bc0c8 00000004 t camellia_crypt_cbc_wrap
001bc0cc 00000004 t camellia_crypt_ecb_wrap
001bc0d0 00000018 t blowfish_ctx_free
001bc0e8 00000028 t blowfish_ctx_alloc
001bc110 00000004 t blowfish_setkey_wrap
001bc114 00000004 t blowfish_crypt_ctr_wrap
001bc118 00000004 t blowfish_crypt_cfb64_wrap
001bc11c 00000004 t blowfish_crypt_cbc_wrap
001bc120 00000004 t blowfish_crypt_ecb_wrap
001bc124 00000018 t arc4_ctx_free
001bc13c 00000024 t arc4_ctx_alloc
001bc160 00000028 t arc4_setkey_wrap
001bc188 00000004 t arc4_crypt_stream_wrap
001bc18c 00000024 t xts_aes_ctx_alloc
001bc1b0 00000004 t xts_aes_setkey_dec_wrap
001bc1b4 00000004 t xts_aes_setkey_enc_wrap
001bc1b8 00000030 t aes_crypt_xts_wrap
001bc1e8 00000018 t aes_ctx_free
001bc200 00000024 t aes_ctx_alloc
001bc224 00000004 t aes_setkey_dec_wrap
001bc228 00000004 t aes_setkey_enc_wrap
001bc22c 00000004 t aes_crypt_ctr_wrap
001bc230 00000004 t aes_crypt_ofb_wrap
001bc234 00000004 t aes_crypt_cfb128_wrap
001bc238 00000004 t aes_crypt_cbc_wrap
001bc23c 00000004 t aes_crypt_ecb_wrap
001bc240 0000001c t xts_aes_ctx_free
001bc25c 00000048 T mbedtls_ct_memcmp
001bc2a4 00000010 T mbedtls_ct_uint_mask
001bc2b4 00000010 T mbedtls_ct_size_mask
001bc2c4 00000014 T mbedtls_ct_size_mask_ge
001bc2d8 00000018 T mbedtls_ct_size_bool_eq
001bc2f0 00000018 T mbedtls_ct_uint_if
001bc308 00000044 T mbedtls_ct_mpi_uint_cond_assign
001bc34c 000000c0 T mbedtls_ct_base64_dec_value
001bc40c 0000008c T mbedtls_ct_memcpy_offset
001bc498 00000210 T mbedtls_ct_hmac
001bc6a8 000000c0 T mbedtls_mpi_safe_cond_assign
001bc768 000000dc T mbedtls_mpi_safe_cond_swap
001bc844 000000c4 T mbedtls_mpi_lt_mpi_ct
001bc908 00000254 T mbedtls_ct_rsaes_pkcs1_v15_unpadding
001bcb5c 00000274 t block_cipher_df
001bcdd0 000000ec t ctr_drbg_update_internal
001bcebc 00000118 t mbedtls_ctr_drbg_reseed_internal
001bcfd4 0000002c T mbedtls_ctr_drbg_init
001bd000 00000038 T mbedtls_ctr_drbg_free
001bd038 000000b4 T mbedtls_ctr_drbg_seed
001bd0ec 0000017c T mbedtls_ctr_drbg_random_with_add
001bd268 0000001c T mbedtls_ctr_drbg_random
001bd284 0000000c T mbedtls_des_init
001bd290 00000010 T mbedtls_des_free
001bd2a0 0000000c T mbedtls_des3_init
001bd2ac 00000010 T mbedtls_des3_free
001bd2bc 00000028 T mbedtls_des_key_set_parity
001bd2e4 000003b0 T mbedtls_des_setkey
001bd694 00000090 t des3_set2key
001bd724 00000090 t des3_set3key
001bd7b4 00000010 T mbedtls_des_setkey_enc
001bd7c4 00000040 T mbedtls_des_setkey_dec
001bd804 0000002c T mbedtls_des3_set2key_enc
001bd830 00000034 T mbedtls_des3_set2key_dec
001bd864 0000002c T mbedtls_des3_set3key_enc
001bd890 00000034 T mbedtls_des3_set3key_dec
001bd8c4 00000290 T mbedtls_des_crypt_ecb
001bdb54 0000012c T mbedtls_des_crypt_cbc
001bdc80 00000504 T mbedtls_des3_crypt_ecb
001be184 0000012c T mbedtls_des3_crypt_cbc
001be2b0 00000060 t dhm_read_bignum
001be310 00000078 t dhm_check_range
001be388 00000068 t mbedtls_dhm_free.part.0
001be3f0 00000114 t dhm_make_common
001be504 0000000c T mbedtls_dhm_init
001be510 00000084 T mbedtls_dhm_read_params
001be594 00000110 T mbedtls_dhm_make_params
001be6a4 00000054 T mbedtls_dhm_set_group
001be6f8 00000038 T mbedtls_dhm_read_public
001be730 00000080 T mbedtls_dhm_make_public
001be7b0 000003a0 T mbedtls_dhm_calc_secret
001beb50 0000000c T mbedtls_dhm_free
001beb5c 00000098 t ecdh_compute_shared_restartable.constprop.0
001bebf4 00000050 T mbedtls_ecdh_init
001bec44 0000001c T mbedtls_ecdh_setup
001bec60 00000050 T mbedtls_ecdh_free
001becb0 000000e0 T mbedtls_ecdh_make_params
001bed90 00000074 T mbedtls_ecdh_read_params
001bee04 00000090 T mbedtls_ecdh_get_params
001bee94 000000a8 T mbedtls_ecdh_make_public
001bef3c 0000004c T mbedtls_ecdh_read_public
001bef88 000000bc T mbedtls_ecdh_calc_secret
001bf044 00000004 t ecp_drbg_random
001bf048 00000088 t ecp_drbg_seed
001bf0d0 000000fc t ecp_modp
001bf1cc 00000034 t mbedtls_mpi_mul_mod
001bf200 00000074 t ecp_safe_invert_jac
001bf274 0000009c t ecp_select_comb
001bf310 00000078 t mbedtls_mpi_sub_mod
001bf388 00000068 t mbedtls_mpi_shift_l_mod.constprop.0
001bf3f0 000000bc t ecp_randomize_mxz
001bf4ac 00000140 t ecp_normalize_jac
001bf5ec 00000304 t ecp_normalize_jac_many
001bf8f0 00000154 t ecp_randomize_jac
001bfa44 00000580 t ecp_double_jac
001bffc4 0000050c t ecp_add_mixed
001c04d0 000007a8 t ecp_mul_comb.isra.0
001c0c78 00000058 T mbedtls_ecp_grp_id_list
001c0cd0 00000034 T mbedtls_ecp_curve_info_from_grp_id
001c0d04 00000030 T mbedtls_ecp_curve_info_from_tls_id
001c0d34 00000028 T mbedtls_ecp_get_type
001c0d5c 00000020 T mbedtls_ecp_point_init
001c0d7c 0000006c T mbedtls_ecp_group_init
001c0de8 00000030 T mbedtls_ecp_keypair_init
001c0e18 00000024 T mbedtls_ecp_point_free
001c0e3c 000000bc T mbedtls_ecp_group_free
001c0ef8 00000034 T mbedtls_ecp_keypair_free
001c0f2c 0000003c T mbedtls_ecp_copy
001c0f68 00000008 T mbedtls_ecp_group_copy
001c0f70 0000001c T mbedtls_ecp_is_zero
001c0f8c 00000164 T mbedtls_ecp_point_write_binary
001c10f0 0000018c T mbedtls_ecp_point_read_binary
001c127c 0000005c T mbedtls_ecp_tls_read_point
001c12d8 00000060 T mbedtls_ecp_tls_write_point
001c1338 0000008c T mbedtls_ecp_tls_read_group_id
001c13c4 0000006c T mbedtls_ecp_tls_write_group
001c1430 00000380 T mbedtls_ecp_check_pubkey
001c17b0 000000c4 T mbedtls_ecp_check_privkey
001c1874 000007a4 T mbedtls_ecp_mul_restartable
001c2018 0000002c T mbedtls_ecp_mul
001c2044 000001ac t mbedtls_ecp_mul_shortcuts
001c21f0 000000f4 T mbedtls_ecp_muladd_restartable
001c22e4 0000010c T mbedtls_ecp_gen_privkey
001c23f0 000001a8 T mbedtls_ecp_check_pub_priv
001c2598 00000178 t ecp_mod_p448
001c2710 000000fc t ecp_mod_p255
001c280c 000000b0 t ecp_mod_p521
001c28bc 0000063c t ecp_mod_p384
001c2ef8 00000178 t ecp_mod_koblitz.constprop.0
001c3070 00000010 t ecp_mod_p192k1
001c3080 00000010 t ecp_mod_p224k1
001c3090 00000010 t ecp_mod_p256k1
001c30a0 00000334 t ecp_mod_p224
001c33d4 000001d4 t ecp_mod_p192
001c35a8 000004fc t ecp_mod_p256
001c3aa4 00000760 T mbedtls_ecp_group_load
001c4204 00000028 T mbedtls_hardware_poll
001c422c 000000d0 t entropy_update
001c42fc 000000e4 t entropy_gather_internal.part.0
001c43e0 00000198 t mbedtls_entropy_func.part.0
001c4578 00000068 T mbedtls_entropy_init
001c45e0 0000003c T mbedtls_entropy_free
001c461c 00000014 T mbedtls_entropy_func
001c4630 00000e60 T mbedtls_high_level_strerr
001c5490 00000470 T mbedtls_low_level_strerr
001c5900 00000108 T mbedtls_strerror
001c5a08 00000198 t gcm_mult
001c5ba0 0000000c T mbedtls_gcm_init
001c5bac 000001e0 T mbedtls_gcm_setkey
001c5d8c 00000214 T mbedtls_gcm_starts
001c5fa0 00000180 T mbedtls_gcm_update
001c6120 00000128 T mbedtls_gcm_finish
001c6248 00000074 T mbedtls_gcm_crypt_and_tag
001c62bc 0000009c T mbedtls_gcm_auth_decrypt
001c6358 00000020 T mbedtls_gcm_free
001c6378 00000024 T mbedtls_hmac_drbg_init
001c639c 0000012c T mbedtls_hmac_drbg_update_ret
001c64c8 0000010c t hmac_drbg_reseed_core
001c65d4 00000074 T mbedtls_hmac_drbg_seed_buf
001c6648 00000148 T mbedtls_hmac_drbg_random_with_add
001c6790 0000001c T mbedtls_hmac_drbg_random
001c67ac 0000002c T mbedtls_hmac_drbg_free
001c67d8 0000000c T mbedtls_md_list
001c67e4 00000020 T mbedtls_md_info_from_type
001c6804 00000014 T mbedtls_md_init
001c6818 000000b8 T mbedtls_md_free
001c68d0 000000d4 T mbedtls_md_clone
001c69a4 00000144 T mbedtls_md_setup
001c6ae8 0000008c T mbedtls_md_starts
001c6b74 0000006c T mbedtls_md_update
001c6be0 0000006c T mbedtls_md_finish
001c6c4c 00000070 T mbedtls_md
001c6cbc 00000150 T mbedtls_md_hmac_starts
001c6e0c 00000030 T mbedtls_md_hmac_update
001c6e3c 000000ac T mbedtls_md_hmac_finish
001c6ee8 00000054 T mbedtls_md_hmac_reset
001c6f3c 0000000c T mbedtls_md_get_size
001c6f48 0000000c T mbedtls_md_get_type
001c6f54 0000000c T mbedtls_md_get_name
001c6f60 0000000c T mbedtls_md5_init
001c6f6c 00000010 T mbedtls_md5_free
001c6f7c 00000010 T mbedtls_md5_clone
001c6f8c 00000044 T mbedtls_md5_starts_ret
001c6fd0 00000b28 T mbedtls_internal_md5_process
001c7af8 00000104 t mbedtls_md5_update_ret.part.0
001c7bfc 00000020 T mbedtls_md5_update_ret
001c7c1c 00000130 T mbedtls_md5_finish_ret
001c7d50 00000088 T mbedtls_md5_ret
001c7dd8 00000068 T mbedtls_oid_get_attr_short_name
001c7e40 00000068 T mbedtls_oid_get_x509_ext_type
001c7ea8 00000068 T mbedtls_oid_get_extended_key_usage
001c7f10 00000064 T mbedtls_oid_get_certificate_policies
001c7f74 00000068 T mbedtls_oid_get_sig_alg_desc
001c7fdc 00000074 T mbedtls_oid_get_sig_alg
001c8050 00000068 T mbedtls_oid_get_pk_alg
001c80b8 0000004c T mbedtls_oid_get_oid_by_pk_alg
001c8104 00000068 T mbedtls_oid_get_ec_grp
001c816c 0000004c T mbedtls_oid_get_oid_by_ec_grp
001c81b8 00000068 T mbedtls_oid_get_cipher_alg
001c8220 00000068 T mbedtls_oid_get_md_alg
001c8288 0000004c T mbedtls_oid_get_oid_by_md
001c82d4 00000068 T mbedtls_oid_get_md_hmac
001c833c 00000074 T mbedtls_oid_get_pkcs12_pbe_alg
001c83b0 00000158 T mbedtls_oid_get_numeric_string
001c8508 00000160 t pem_pbkdf1
001c8668 0000009c t pem_des3_decrypt
001c8704 000000a0 t pem_aes_decrypt
001c87a4 00000014 T mbedtls_pem_init
001c87b8 000006d4 T mbedtls_pem_read_buffer
001c8e8c 0000003c T mbedtls_pem_free
001c8ec8 00000010 T mbedtls_pk_init
001c8ed8 00000034 T mbedtls_pk_free
001c8f0c 00000020 T mbedtls_pk_info_from_type
001c8f2c 00000054 T mbedtls_pk_setup
001c8f80 00000028 T mbedtls_pk_can_do
001c8fa8 000000b4 T mbedtls_pk_verify_restartable
001c905c 0000002c T mbedtls_pk_verify
001c9088 00000164 T mbedtls_pk_verify_ext
001c91ec 000000d0 T mbedtls_pk_sign_restartable
001c92bc 0000003c T mbedtls_pk_sign
001c92f8 00000054 T mbedtls_pk_decrypt
001c934c 00000054 T mbedtls_pk_encrypt
001c93a0 00000028 T mbedtls_pk_get_bitlen
001c93c8 00000044 T mbedtls_pk_debug
001c940c 00000028 T mbedtls_pk_get_name
001c9434 00000018 T mbedtls_pk_get_type
001c944c 00000014 t rsa_can_do
001c9460 0000003c t rsa_debug
001c949c 00000014 t eckey_can_do
001c94b0 00000008 t eckey_get_bitlen
001c94b8 00000020 t eckey_debug
001c94d8 00000014 t eckeydh_can_do
001c94ec 00000010 t ecdsa_can_do
001c94fc 00000018 t rsa_free_wrap
001c9514 0000002c t rsa_alloc_wrap
001c9540 00000004 t rsa_check_pair_wrap
001c9544 00000070 t rsa_encrypt_wrap
001c95b4 00000070 t rsa_decrypt_wrap
001c9624 00000054 t rsa_sign_wrap
001c9678 00000080 t rsa_verify_wrap
001c96f8 00000068 t rsa_get_bitlen
001c9760 00000018 t eckey_free_wrap
001c9778 00000024 t eckey_alloc_wrap
001c979c 00000004 t eckey_check_pair
001c97a0 00000024 t ecdsa_alloc_wrap
001c97c4 00000018 t ecdsa_free_wrap
001c97dc 00000004 t ecdsa_sign_wrap
001c97e0 00000084 t eckey_sign_wrap
001c9864 00000038 t ecdsa_verify_wrap
001c989c 0000007c t eckey_verify_wrap
001c9918 00000154 t pk_get_rsapubkey
001c9a6c 00000038 t asn1_get_nonzero_mpi
001c9aa4 0000009c t pk_get_pk_alg
001c9b40 000004ac t pk_use_ecparams
001c9fec 000002b8 t pk_parse_key_sec1_der
001ca2a4 00000324 t pk_parse_key_pkcs1_der
001ca5c8 000001cc t pk_parse_key_pkcs8_unencrypted_der
001ca794 000001d4 t pk_parse_key_pkcs8_encrypted_der
001ca968 0000010c T mbedtls_pk_load_file
001caa74 000001dc T mbedtls_pk_parse_subpubkey
001cac50 00000408 T mbedtls_pk_parse_key
001cb058 000000a4 T mbedtls_pk_parse_keyfile
001cb0fc 00000084 t pk_write_ec_pubkey
001cb180 000001a4 T mbedtls_pk_write_pubkey
001cb324 000001b8 T mbedtls_pk_write_pubkey_der
001cb4dc 0000001c T mbedtls_platform_zeroize
001cb4f8 00000060 T mbedtls_platform_gmtime_r
001cb558 0000000c T mbedtls_ripemd160_init
001cb564 00000010 T mbedtls_ripemd160_free
001cb574 00000010 T mbedtls_ripemd160_clone
001cb584 00000050 T mbedtls_ripemd160_starts_ret
001cb5d4 00001e5c T mbedtls_internal_ripemd160_process
001cd430 00000104 t mbedtls_ripemd160_update_ret.part.0
001cd534 00000020 T mbedtls_ripemd160_update_ret
001cd554 00000114 T mbedtls_ripemd160_finish_ret
001cd668 00000094 T mbedtls_ripemd160_ret
001cd6fc 00000118 t mgf_mask
001cd814 000001cc t rsa_rsassa_pkcs1_v15_encode
001cd9e0 00000074 t mbedtls_rsa_free.part.0
001cda54 00000130 t rsa_check_context.isra.0
001cdb84 000000c8 T mbedtls_rsa_import
001cdc4c 000000d4 T mbedtls_rsa_import_raw
001cdd20 0000028c T mbedtls_rsa_complete
001cdfac 00000160 T mbedtls_rsa_export
001ce10c 00000028 T mbedtls_rsa_init
001ce134 00000008 T mbedtls_rsa_get_len
001ce13c 0000007c T mbedtls_rsa_check_pubkey
001ce1b8 000000a4 T mbedtls_rsa_check_privkey
001ce25c 0000005c T mbedtls_rsa_check_pub_priv
001ce2b8 000000f4 T mbedtls_rsa_public
001ce3ac 000008e0 T mbedtls_rsa_private
001cec8c 000002b4 t rsa_rsassa_pss_sign
001cef40 00000238 T mbedtls_rsa_rsaes_oaep_encrypt
001cf178 000001c8 T mbedtls_rsa_rsaes_pkcs1_v15_encrypt
001cf340 00000060 T mbedtls_rsa_pkcs1_encrypt
001cf3a0 00000260 T mbedtls_rsa_rsaes_oaep_decrypt
001cf600 000000d4 T mbedtls_rsa_rsaes_pkcs1_v15_decrypt
001cf6d4 0000006c T mbedtls_rsa_pkcs1_decrypt
001cf740 000001b4 T mbedtls_rsa_rsassa_pkcs1_v15_sign
001cf8f4 00000068 T mbedtls_rsa_pkcs1_sign
001cf95c 000002a8 T mbedtls_rsa_rsassa_pss_verify_ext
001cfc04 00000170 T mbedtls_rsa_rsassa_pkcs1_v15_verify
001cfd74 00000080 T mbedtls_rsa_pkcs1_verify
001cfdf4 0000000c T mbedtls_rsa_free
001cfe00 00000308 T mbedtls_rsa_deduce_primes
001d0108 00000134 T mbedtls_rsa_deduce_private_exponent
001d023c 000001c0 T mbedtls_rsa_validate_crt
001d03fc 000002f4 T mbedtls_rsa_validate_params
001d06f0 000000d0 T mbedtls_rsa_deduce_crt
001d07c0 0000000c T mbedtls_sha1_init
001d07cc 00000010 T mbedtls_sha1_free
001d07dc 00000010 T mbedtls_sha1_clone
001d07ec 00000050 T mbedtls_sha1_starts_ret
001d083c 00001368 T mbedtls_internal_sha1_process
001d1ba4 00000104 t mbedtls_sha1_update_ret.part.0
001d1ca8 00000020 T mbedtls_sha1_update_ret
001d1cc8 0000015c T mbedtls_sha1_finish_ret
001d1e28 00000094 T mbedtls_sha1_ret
001d1ebc 0000000c T mbedtls_sha256_init
001d1ec8 00000010 T mbedtls_sha256_free
001d1ed8 00000010 T mbedtls_sha256_clone
001d1ee8 000000c8 T mbedtls_sha256_starts_ret
001d1fb0 000009c0 T mbedtls_internal_sha256_process
001d2970 00000104 t mbedtls_sha256_update_ret.part.0
001d2a74 00000020 T mbedtls_sha256_update_ret
001d2a94 000001d4 T mbedtls_sha256_finish_ret
001d2c68 00000120 T mbedtls_sha256_ret
001d2d88 0000000c T mbedtls_sha512_init
001d2d94 00000010 T mbedtls_sha512_free
001d2da4 00000010 T mbedtls_sha512_clone
001d2db8 00000110 T mbedtls_sha512_starts_ret
001d2ec8 00000d08 T mbedtls_internal_sha512_process
001d3bd0 00000110 t mbedtls_sha512_update_ret.part.0
001d3ce0 00000020 T mbedtls_sha512_update_ret
001d3d00 0000034c T mbedtls_sha512_finish_ret
001d4050 00000178 T mbedtls_sha512_ret
001d41c8 0000000c T mbedtls_version_get_number
001d41d4 00000348 t aes_gen_tables
001d451c 00000058 t mbedtls_gf128mul_x_ble
001d4574 0000000c T mbedtls_aes_init
001d4580 00000010 T mbedtls_aes_free
001d4590 00000028 T mbedtls_aes_xts_init
001d45b8 00000024 T mbedtls_aes_xts_free
001d45dc 000002d4 T mbedtls_aes_setkey_enc
001d48b0 00000190 T mbedtls_aes_setkey_dec
001d4a40 0000005c T mbedtls_aes_xts_setkey_enc
001d4a9c 0000005c T mbedtls_aes_xts_setkey_dec
001d4af8 000004fc T mbedtls_internal_aes_encrypt
001d4ff4 00000500 T mbedtls_internal_aes_decrypt
001d54f4 0000002c T mbedtls_aes_crypt_ecb
001d5520 00000154 T mbedtls_aes_crypt_cbc
001d5674 00000224 T mbedtls_aes_crypt_xts
001d5898 000000e0 T mbedtls_aes_crypt_cfb128
001d5978 00000084 T mbedtls_aes_crypt_ofb
001d59fc 000000ac T mbedtls_aes_crypt_ctr
001d5aa8 0000000c T mbedtls_arc4_init
001d5ab4 00000010 T mbedtls_arc4_free
001d5ac4 00000088 T mbedtls_arc4_setup
001d5b4c 00000078 T mbedtls_arc4_crypt
001d5bc4 00000188 T mbedtls_asn1_write_len
001d5d4c 00000024 T mbedtls_asn1_write_tag
001d5d70 000000e0 T mbedtls_asn1_write_mpi
001d5e50 00000088 T mbedtls_asn1_write_oid
001d5ed8 000000d4 T mbedtls_asn1_write_algorithm_identifier_ext
001d5fac 00000024 T mbedtls_asn1_write_algorithm_identifier
001d5fd0 00000248 T mbedtls_base64_decode
001d6218 00000098 t blowfish_enc
001d62b0 00000010 T mbedtls_blowfish_init
001d62c0 00000014 T mbedtls_blowfish_free
001d62d4 000001a0 T mbedtls_blowfish_setkey
001d6474 000000e0 T mbedtls_blowfish_crypt_ecb
001d6554 0000012c T mbedtls_blowfish_crypt_cbc
001d6680 000000e8 T mbedtls_blowfish_crypt_cfb64
001d6768 000000b0 T mbedtls_blowfish_crypt_ctr
001d6818 000000c8 t camellia_feistel
001d68e0 0000000c T mbedtls_camellia_init
001d68ec 00000010 T mbedtls_camellia_free
001d68fc 0000066c T mbedtls_camellia_setkey_enc
001d6f68 0000011c T mbedtls_camellia_setkey_dec
001d7084 00000178 T mbedtls_camellia_crypt_ecb
001d71fc 0000014c T mbedtls_camellia_crypt_cbc
001d7348 000000e8 T mbedtls_camellia_crypt_cfb128
001d7430 000000b0 T mbedtls_camellia_crypt_ctr
001d74e0 000004cc t ccm_auth_crypt
001d79ac 0000000c T mbedtls_ccm_init
001d79b8 00000070 T mbedtls_ccm_setkey
001d7a28 00000020 T mbedtls_ccm_free
001d7a48 00000064 T mbedtls_ccm_encrypt_and_tag
001d7aac 0000009c T mbedtls_ccm_auth_decrypt
001d7b48 000003b8 t chacha20_block
001d7f00 00000028 T mbedtls_chacha20_init
001d7f28 00000010 T mbedtls_chacha20_free
001d7f38 00000080 T mbedtls_chacha20_setkey
001d7fb8 00000044 T mbedtls_chacha20_starts
001d7ffc 000001a8 T mbedtls_chacha20_update
001d81a4 00000034 T mbedtls_chachapoly_init
001d81d8 00000038 T mbedtls_chachapoly_free
001d8210 00000004 T mbedtls_chachapoly_setkey
001d8214 0000009c T mbedtls_chachapoly_starts
001d82b0 0000010c T mbedtls_chachapoly_update
001d83bc 0000010c T mbedtls_chachapoly_finish
001d84c8 000000a0 T mbedtls_chachapoly_encrypt_and_tag
001d8568 000000d0 T mbedtls_chachapoly_auth_decrypt
001d8638 0000009c t derive_mpi
001d86d4 00000258 t ecdsa_sign_restartable.part.0
001d892c 00000200 t ecdsa_verify_restartable.isra.0
001d8b2c 00000208 t ecdsa_sign_det_restartable.isra.0
001d8d34 00000128 T mbedtls_ecdsa_write_signature_restartable
001d8e5c 0000003c T mbedtls_ecdsa_write_signature
001d8e98 00000100 T mbedtls_ecdsa_read_signature_restartable
001d8f98 00000024 T mbedtls_ecdsa_read_signature
001d8fbc 0000005c T mbedtls_ecdsa_from_keypair
001d9018 00000004 T mbedtls_ecdsa_init
001d901c 0000000c T mbedtls_ecdsa_free
001d9028 00000414 T mbedtls_pkcs12_derivation
001d943c 000001a0 t pkcs12_pbe_derive_key_iv
001d95dc 00000098 T mbedtls_pkcs12_pbe_sha1_rc4_128
001d9674 000001f4 T mbedtls_pkcs12_pbe_ext
001d9868 00000054 T mbedtls_pkcs12_pbe
001d98bc 000001e4 T mbedtls_pkcs5_pbkdf2_hmac
001d9aa0 0000037c T mbedtls_pkcs5_pbes2_ext
001d9e1c 00000044 T mbedtls_pkcs5_pbes2
001d9e60 00000228 t poly1305_process
001da088 00000008 T mbedtls_poly1305_init
001da090 00000010 T mbedtls_poly1305_free
001da0a0 0000008c T mbedtls_poly1305_starts
001da12c 000000dc T mbedtls_poly1305_update
001da208 00000134 T mbedtls_poly1305_finish
001da33c 00000130 t updatewindow
001da46c 0000005c t inflateStateCheck
001da4c8 0000009c T inflateResetKeep
001da564 000000d0 T inflateReset2
001da634 000000fc T inflateInit2_
001da730 00000010 T inflateInit_
001da740 000018cc T inflate
001dc00c 00000060 T inflateEnd
001dc06c 000004f0 T inflate_table
001dc55c 0000000c T zlibVersion
001dc568 00000008 T zcalloc
001dc570 00000008 T zcfree
001dc578 00000360 T adler32_z
001dc8d8 00000004 T adler32
001dc8dc 0000038c T crc32_z
001dcc68 00000004 T crc32
001dcc6c 000005b0 T inflate_fast
001dd21c 00000074 T fmodf
001dd290 00000264 T sinf
001dd4f8 00000258 T log
001dd750 00000024 t with_errno
001dd774 00000028 t xflow
001dd7a0 00000010 T __math_uflow
001dd7b0 00000010 T __math_oflow
001dd7c0 00000048 T __math_divzero
001dd808 0000001c T __math_invalid
001dd824 00000014 T __math_check_uflow
001dd838 00000028 T __math_check_oflow
001dd860 00000214 T __ieee754_fmodf
001dda78 00000058 T sqrt
001ddad0 00000008 T __ieee754_sqrt
001ddad8 00000024 t with_errnof
001ddafc 0000001c T __math_invalidf
001ddb18 000000c0 T ceilf
001ddbd8 0000025c T cosf
001dde38 00000214 T exp
001de04c 00000024 t addrMapNodeComparator(rbtree_node const*, rbtree_node const*)
001de070 00000004 t addrMapNodeDestructor(rbtree_node*)
001de074 0000012c T linearMemAlign
001de1a0 00000008 T linearAlloc
001de1a8 0000005c T linearFree
001de204 00000088 T MemPool::CoalesceRight(MemBlock*)
001de28c 00000178 T MemPool::Allocate(MemChunk&, unsigned long, int)
001de404 00000118 T MemPool::Deallocate(MemChunk const&)
001de51c 00000030 T MemPool::GetFreeSpace()
001de54c 00000024 t addrMapNodeComparator(rbtree_node const*, rbtree_node const*)
001de570 00000004 t addrMapNodeDestructor(rbtree_node*)
001de574 00000248 T vramMemAlignAt
001de7bc 0000000c T vramAlloc
001de7c8 0000000c T vramAllocAt
001de7d4 00000094 T vramFree
001de868 0000009c T fontEnsureMapped
001de904 00000100 T fontGlyphIndexFromCodePoint
001dea04 00000214 T fontCalcGlyphPos
001dec18 000000cc t gfxPresentFramebuffer
001dece4 0000001c T gfxIsWide
001ded00 000000f8 T gfxSetScreenFormat
001dedf8 000000d8 T gfxInit
001deed0 00000010 T gfxInitDefault
001deee0 000000b8 T gfxExit
001def98 000000a0 T gfxGetFramebuffer
001df038 00000028 T gfxScreenSwapBuffers
001df060 00000074 T osConvertVirtToPhys
001df0d4 00000054 T osGetTimeRef
001df128 000000ec T osGetTime
001df214 00000034 T __ctru_speedup_config
001df248 00000038 T osSetSpeedupEnable
001df280 0000013c T GPUCMD_Add
001df3bc 000000b0 T GPUCMD_Split
001df46c 00000034 T f32tof16
001df4a0 00000034 T f32tof24
001df4d4 00000038 T f32tof31
001df50c 00000010 T GX_BindQueue
001df51c 0000007c T GX_ProcessCommandList
001df598 00000074 T GX_MemoryFill
001df60c 00000074 T GX_DisplayTransfer
001df680 00000064 t gxCmdQueueDoCommands.part.0
001df6e4 000000e4 T gxCmdQueueInterrupt
001df7c8 00000068 T gxCmdQueueClear
001df830 00000108 T gxCmdQueueAdd
001df938 00000080 T gxCmdQueueRun
001df9b8 00000064 T gxCmdQueueStop
001dfa1c 000000ac T gxCmdQueueWait
001dfac8 000001e0 T shaderInstanceInit
001dfca8 00000018 T shaderInstanceGetUniformLocation
001dfcc0 0000001c T shaderProgramInit
001dfcdc 00000074 T shaderProgramFree
001dfd50 00000094 T shaderProgramSetVsh
001dfde4 000008d0 T shaderProgramConfigure
001e06b4 000001dc t DVLE_GenerateOutmap.part.0
001e0890 000001ac T DVLB_ParseFile
001e0a3c 00000050 T DVLB_Free
001e0a8c 00000074 T DVLE_GetUniformRegister
001e0b00 00000158 t ndspUpdateMaster
001e0c58 00000108 t ndspFinalize
001e0d60 0000025c t ndspInitialize.part.0
001e0fbc 00000108 t ndspHookCallback
001e10c8 00000318 t ndspThreadMain
001e13e0 000003f0 T ndspInit
001e17d0 000000d8 T ndspExit
001e18a8 000000e0 T ndspChnReset
001e1988 00000018 T ndspChnSetFormat
001e19a0 00000050 T ndspChnSetPaused
001e19f0 00000050 T ndspChnSetInterp
001e1a40 00000060 T ndspChnSetRate
001e1aa0 00000080 T ndspChnSetMix
001e1b20 000000b0 T ndspChnWaveBufClear
001e1bd0 000000c8 T ndspChnWaveBufAdd
001e1c98 00000040 T ndspiInitChn
001e1cd8 0000002c T ndspiDirtyChn
001e1d04 0000043c T ndspiUpdateChn
001e2140 00000180 T ndspiReadChnState
001e22c0 00000180 t aptConvertScreenForCapture
001e2440 00000138 T aptSendCommand
001e2578 00000044 t aptExitProcess
001e25bc 00000394 T aptExit
001e2950 000000d8 T aptHandleSleep
001e2a28 00000034 T aptHook
001e2a5c 00000030 T aptUnhook
001e2a8c 0000001c T aptSetMessageCallback
001e2aa8 00000084 T APT_SleepIfShellClosed
001e2b2c 00000078 T aptSetSleepAllowed
001e2ba4 00000084 T APT_UnlockTransition
001e2c28 00000470 t aptEventHandler
001e3098 000000bc T APT_ReceiveParameter
001e3154 000000b0 t aptReceiveParameter.constprop.0
001e3208 00000294 t aptScreenTransfer
001e349c 000002d0 t aptWaitForWakeUp.isra.0
001e376c 00000114 T aptLaunchLibraryApplet
001e3880 000000f4 T aptJumpToHomeMenu
001e3974 00000058 T aptMainLoop
001e39cc 00000240 T aptInit
001e3c0c 0000005c T APT_SendParameter
001e3c68 00000090 T APT_CheckNew3DS
001e3cf8 00000048 T APT_GetSharedFont
001e3d40 000000a8 T cfguInit
001e3de8 0000003c T cfguExit
001e3e24 0000004c T CFGU_GetConfigInfoBlk2
001e3e70 000000a4 t DSP_LoadComponent.part.0
001e3f14 000000fc T dspInit
001e4010 0000008c T dspExit
001e409c 00000024 T dspHook
001e40c0 00000030 T dspUnhook
001e40f0 000000b4 T aptDspSleep
001e41a4 000000b4 T aptDspWakeup
001e4258 00000044 T aptDspCancel
001e429c 00000050 T DSP_FlushDataCache
001e42ec 00000034 T DSP_SetSemaphore
001e4320 00000034 T DSP_SetSemaphoreMask
001e4354 00000038 T DSP_GetSemaphoreHandle
001e438c 0000003c T DSP_LoadComponent
001e43c8 00000044 T DSP_RegisterInterruptEvents
001e440c 00000078 T DSP_ReadPipeIfPossible
001e4484 0000004c T DSP_WriteProcessPipe
001e44d0 00000044 T DSP_ConvertProcessAddressFromDspDram
001e4514 00000044 T DSP_RecvData
001e4558 00000050 T DSP_RecvDataIsReady
001e45a8 00000104 T fsInit
001e46ac 0000003c T fsExit
001e46e8 00000068 T fsExemptFromSession
001e4750 00000050 T fsUnexemptFromSession
001e47a0 000000cc T FSUSER_OpenFile
001e486c 000000cc T FSUSER_OpenFileDirectly
001e4938 000000b8 T FSUSER_DeleteFile
001e49f0 000000f4 T FSUSER_RenameFile
001e4ae4 000000b8 T FSUSER_DeleteDirectory
001e4b9c 000000d0 T FSUSER_CreateFile
001e4c6c 000000c0 T FSUSER_CreateDirectory
001e4d2c 000000f4 T FSUSER_RenameDirectory
001e4e20 000000b4 T FSUSER_OpenDirectory
001e4ed4 00000090 T FSUSER_OpenArchive
001e4f64 0000008c T FSUSER_CloseArchive
001e4ff0 00000074 T FSUSER_GetSdmcArchiveResource
001e5064 00000064 T FSUSER_IsSdmcWritable
001e50c8 00000064 T FSFILE_Read
001e512c 0000006c T FSFILE_Write
001e5198 00000044 T FSFILE_GetSize
001e51dc 00000028 T FSFILE_SetSize
001e5204 0000003c T FSFILE_Close
001e5240 00000024 T FSFILE_Flush
001e5264 00000060 T FSDIR_Read
001e52c4 0000003c T FSDIR_Close
001e5300 00000c70 t gspHardwareInit
001e5f70 00000288 T gspInit
001e61f8 00000104 T gspExit
001e62fc 00000010 T gspHasGpuRight
001e630c 000000a4 T gspPresentBuffer
001e63b0 00000030 T gspSetEventCallback
001e63e0 00000050 T gspWaitForEvent
001e6430 0000004c T gspWaitForAnyEvent
001e647c 00000154 t gspEventThreadMain
001e65d0 0000012c T gspSubmitGxCommand
001e66fc 00000050 T GSPGPU_FlushDataCache
001e674c 00000034 T GSPGPU_SetLcdForceBlack
001e6780 00000084 T GSPGPU_AcquireRight
001e6804 00000064 T GSPGPU_ReleaseRight
001e6868 0000007c T GSPGPU_ImportDisplayCaptureInfo
001e68e4 0000002c T GSPGPU_SaveVramSysArea
001e6910 0000002c T GSPGPU_RestoreVramSysArea
001e693c 00000024 W hidShouldUseIrrst
001e6960 000001cc T hidInit
001e6b2c 000000e8 T hidExit
001e6c14 000002a0 T hidScanInput
001e6eb4 00000010 T hidKeysHeld
001e6ec4 00000010 T hidKeysDown
001e6ed4 00000018 T hidTouchRead
001e6eec 00000038 T HIDUSER_GetSoundVolume
001e6f24 000001a4 T irrstInit
001e70c8 000000dc T irrstExit
001e71a4 000000b4 T irrstScanInput
001e7258 00000024 T irrstKeysHeld
001e727c 00000078 T ptmSysmInit
001e72f4 0000003c T ptmSysmExit
001e7330 00000034 T PTMSYSM_ConfigureNew3DSCPU
001e7364 00000078 T ptmuInit
001e73dc 0000003c T ptmuExit
001e7418 00000038 T PTMU_GetBatteryLevel
001e7450 00000038 T PTMU_GetBatteryChargeState
001e7488 00000048 T sslcGenerateRandomData
001e74d0 000001e8 T accept
001e76b8 00000174 T bind
001e782c 0000003c T _net_convert_error
001e7868 00000174 T connect
001e79dc 0000015c T fcntl
001e7b38 00000024 T freeaddrinfo
001e7b5c 000002cc T getaddrinfo
001e7e28 00000044 T gethostname
001e7e6c 0000017c T getpeername
001e7fe8 0000017c T getsockname
001e8164 00000088 T inet_ntop
001e81ec 00000070 T inet_pton
001e825c 00000034 t soc_read
001e8290 00000034 t soc_write
001e82c4 000000b0 t soc_close
001e8374 00000190 T socInit
001e8504 00000088 T socExit
001e858c 00000108 T listen
001e8694 00000248 T poll
001e88dc 00000020 T recv
001e88fc 00000148 T socuipc_cmd7
001e8a44 00000168 T socuipc_cmd8
001e8bac 00000010 T soc_recvfrom
001e8bbc 000000a4 T recvfrom
001e8c60 00000020 T send
001e8c80 0000015c T socuipc_cmd9
001e8ddc 00000160 T socuipc_cmda
001e8f3c 00000010 T soc_sendto
001e8f4c 000000a4 T sendto
001e8ff0 0000016c T socket
001e915c 00000190 t swkbdMessageCallback
001e92ec 00000084 T swkbdInit
001e9370 00000064 T swkbdSetHintText
001e93d4 00000008 T swkbdSetInitialText
001e93dc 000003a8 T swkbdInputText
001e9784 00000074 T rbtree_find
001e97f8 00000010 T rbtree_init
001e9808 00000198 t do_insert
001e99a0 00000008 T rbtree_insert
001e99a8 00000310 T rbtree_remove
001e9cb8 00000090 T rbtree_rotate
001e9d48 00000140 T decode_utf8
001e9e88 000000e8 T utf16_to_utf8
001e9f70 000000c0 T utf8_to_utf16
001ea030 000001e8 W __system_allocateHeaps
001ea218 00000038 W __libctru_init
001ea250 0000016c W __system_initArgv
001ea3bc 00000030 T __syscall_getreent
001ea3ec 000000c4 T __syscall_clock_gettime
001ea4b0 00000064 T __syscall_gettod_r
001ea514 00000004 T __syscall_lock_acquire
001ea518 00000004 T __syscall_lock_release
001ea51c 00000004 T __syscall_lock_acquire_recursive
001ea520 00000004 T __syscall_lock_release_recursive
001ea524 00000004 T __syscall_exit
001ea528 00000054 T initThreadVars
001ea57c 00000080 T __system_initSyscalls
001ea5fc T svcControlMemory
001ea61c T svcQueryMemory
001ea64c T svcExitProcess
001ea654 T svcCreateThread
001ea674 T svcExitThread
001ea67c T svcSleepThread
001ea684 T svcReleaseMutex
001ea68c T svcCreateEvent
001ea6a0 T svcSignalEvent
001ea6a8 T svcClearEvent
001ea6b0 T svcCreateMemoryBlock
001ea6c8 T svcMapMemoryBlock
001ea6d0 T svcUnmapMemoryBlock
001ea6d8 T svcCreateAddressArbiter
001ea6ec T svcArbitrateAddressNoTimeout
001ea6f4 T svcCloseHandle
001ea6fc T svcWaitSynchronization
001ea704 T svcWaitSynchronizationN
001ea72c T svcDuplicateHandle
001ea740 T svcGetSystemTick
001ea748 T svcConnectToPort
001ea75c T svcSendSyncRequest
001ea764 T svcGetResourceLimit
001ea778 T svcGetResourceLimitLimitValues
001ea780 T svcGetResourceLimitCurrentValues
001ea788 T svcBreak
001ea790 T __aeabi_read_tp
001ea79c W initSystem
001ea7ec W __ctru_exit
001ea800 0000008c W envGetHandle
001ea88c 00000050 W envDestroyHandles
001ea8dc 00000164 T srvInit
001eaa40 00000064 T srvExit
001eaaa4 00000060 T srvEnableNotification
001eab04 000000a0 T srvGetServiceHandleDirect
001eaba4 00000048 T srvGetServiceHandle
001eabec 00000034 T srvSubscribe
001eac20 00000060 T srvReceiveNotification
001eac80 00000038 T srvPublishToSubscriber
001eacb8 0000000c T __sync_init
001eacc4 00000018 T __sync_fini
001eacdc 00000028 T syncArbitrateAddress
001ead04 0000001c T LightLock_Init
001ead20 000000ac T LightLock_Lock
001eadcc 00000040 T LightLock_Unlock
001eae0c 00000054 T RecursiveLock_Lock
001eae60 00000054 T RecursiveLock_Unlock
001eaeb4 00000044 T LightEvent_Init
001eaef8 000000b8 T LightEvent_Clear
001eafb0 000000dc T LightEvent_Signal
001eb08c 00000050 T LightEvent_TryWait
001eb0dc 000000ac T LightEvent_Wait
001eb188 000001fc T threadCreate
001eb384 00000038 T threadFree
001eb3bc 00000024 T threadJoin
001eb3e0 00000030 T threadGetCurrent
001eb410 00000040 T threadExit
001eb450 00000020 t _thread_begin
001eb470 00000090 t mappableFindAddressWithin
001eb500 00000028 T mappableInit
001eb528 0000007c T mappableAlloc
001eb5a4 00000004 T mappableFree
001eb5a8 0000000c T srvPmGetSessionHandle
001eb5b4 00000050 T gethostid
001eb604 00000060 T rbtree_node_next
001eb664 00000054 T decode_utf16
001eb6b8 00000054 T encode_utf16
001eb70c 000000e0 T encode_utf8
001eb7ec 00000030 W __appExit
001eb81c 00000030 W __appInit
001eb84c 00000090 W __libctru_exit
001eb8dc 00000024 t error_cmp
001eb900 00000050 t archive_translate_error
001eb950 000000c0 t archive_seek
001eba10 00000078 t _archiveInit.part.0
001eba88 00000110 t archiveFindDevice.part.0
001ebb98 00000298 t archive_utf16path
001ebe30 00000098 t _archiveUnmountDeviceStruct.part.0
001ebec8 00000178 t _archiveMountDevice
001ec040 000000f8 t archive_diropen
001ec138 000000ac t archive_fstat
001ec1e4 00000074 t archive_fsync
001ec258 00000074 t archive_close
001ec2cc 00000078 t archive_dirclose
001ec344 000000ec t sdmc_statvfs
001ec430 000000f8 t archive_chdir
001ec528 0000008c t archive_ftruncate
001ec5b4 000000bc t archive_read
001ec670 000000a8 t archive_unlink
001ec718 000000c0 t archive_rmdir
001ec7d8 000000d8 t archive_mkdir
001ec8b0 000001a0 t archive_stat
001eca50 00000164 t archive_dirnext
001ecbb4 0000013c t archive_write
001eccf0 00000254 t archive_open
001ecf44 00000270 t archive_rename
001ed1b4 000001c8 T archiveMountSdmc
001ed37c 00000054 T archiveUnmountAll
001ed3d0 0000002c T __aeabi_d2lz
001ed3d0 0000002c T __fixdfdi
001ed400 00000040 T __aeabi_d2ulz
001ed400 00000040 T __fixunsdfdi
001ed440 00000130 T __udivmoddi4
001ed570 000000e4 T strncat
001ed654 00000034 T ftell
001ed688 00000028 T fstat
001ed6b0 00000024 T getenv
001ed6d4 00000078 T sscanf
001ed74c 00000130 t critical_factorization
001ed87c 0000033c t two_way_long_needle
001edbb8 00000238 T strstr
001eddf0 00000128 T memcpy
001edf18 0000005c T __assert_func
001edf74 0000008c T strlen
001ee000 00000334 T _fread_r
001ee334 00000038 T fread
001ee36c 00000078 T bsearch
001ee3e4 000000b8 T fputc
001ee49c 00000040 T open
001ee4dc 00000050 t get_arg
001ee52c 00002b88 T __ssvfscanf_r
001f10b4 00000134 T _fopen_r
001f11e8 00000028 T fopen
001f1210 00000008 T atof
001f1218 00000060 t sulp
001f1278 00001428 T _strtod_l
001f26a0 00000044 T _strtod_r
001f26e4 00000048 T strtod
001f272c 00000020 T close
001f274c 0000001c T gmtime
001f2768 00000028 T memalign
001f2790 00000264 t _strtoull_l.isra.0
001f29f4 00000038 T _strtoull_r
001f2a2c 00000068 T strcasecmp
001f2a94 00000028 T gettimeofday
001f2abc 000000f4 t rshift
001f2bb0 000008b4 T __gethex
001f3464 000000a0 T snprintf
001f3504 000000c0 T fileno
001f35c4 000001ec t _strtoul_l.isra.0
001f37b0 00000038 T _strtoul_r
001f37e8 0000003c T strtoul
001f3824 00000010 T ctime
001f3834 0000003c T fiprintf
001f3870 000000c4 T _mbrtowc_r
001f3934 00000094 T strncasecmp
001f39c8 00000140 T strchr
001f3b08 000000d8 T memcmp
001f3be0 00000198 T _fgets_r
001f3d78 00000030 T fgets
001f3da8 00000028 T calloc
001f3dd0 00000048 T access
001f3e18 000000f8 T __sccl
001f3f10 00000410 T _strerror_r
001f4320 0000016c T _memalign_r
001f448c 0000000c T __errno
001f4498 00000014 T abort
001f44ac 00000164 T __smakebuf_r
001f4610 00000030 T lseek
001f4640 0000047c t _strtoll_l.isra.0
001f4abc 00000038 T _strtoll_r
001f4af4 0000003c T strtoll
001f4b30 000000f0 T strcpy
001f4c20 00000024 T __locale_mb_cur_max
001f4c44 000000e4 T memset
001f4d28 000000d8 T _calloc_r
001f4e00 0000022c T __sflush_r
001f502c 000000c4 T _fflush_r
001f50f0 00000044 T fflush
001f5134 00000088 T _vsnprintf_r
001f51bc 00000038 T vsnprintf
001f51f4 00000104 T _fwrite_r
001f52f8 00000038 T fwrite
001f5330 00000028 T realloc
001f5358 00000080 T strcspn
001f53d8 000008e8 T qsort
001f5cc0 000001c4 T _ftello_r
001f5e84 00000150 T _fdopen_r
001f5fd4 00000028 T fdopen
001f5ffc 000000fc T _putc_r
001f60f8 0000082c T _malloc_r
001f6924 00000124 T __swbuf_r
001f6a48 00000010 T getpid
001f6a58 00000114 T _malloc_trim_r
001f6b6c 00000314 T _free_r
001f6e80 0000005c T strspn
001f6edc 00000050 t get_arg
001f6f2c 000000e4 T _sungetc_r
001f7010 0000006c T __ssrefill_r
001f707c 000000b4 T _sfread_r
001f7130 000022c4 T __ssvfiscanf_r
001f93f4 0000001c t stdio_exit_handler
001f9410 0000005c t cleanup_stdio
001f946c 00000154 t global_stdio_init.part.0
001f95c0 00000138 T __sfp
001f96f8 0000005c T __sinit
001f9754 0000000c T __sfp_lock_acquire
001f9760 0000000c T __sfp_lock_release
001f976c 0000000c T atoi
001f9778 00000384 t _strtol_l.part.0
001f9afc 0000006c T _strtol_r
001f9b68 00000074 T strtol
001f9bdc 00000084 T __libc_init_array
001f9c60 00000028 T rename
001f9c88 000000d4 T strncpy
001f9d5c 0000001c T _fseek_r
001f9d78 00000034 T fseek
001f9dac 00000040 T malloc
001f9dec 00000020 T free
001f9e0c 000000e8 T memchr
001f9ef4 00000028 T _wcsrtombs_r
001f9f1c 00000048 T strrchr
001f9f64 00000030 T write
001f9f94 00000140 T __swsetup_r
001fa0d4 000000e0 T _puts_r
001fa1b4 00000020 T puts
001fa1d4 000000dc T _findenv_r
001fa2b0 00000018 T _getenv_r
001fa2c8 00000070 T stpcpy
001fa338 00000024 T _localeconv_r
001fa35c 00000044 T __sread
001fa3a0 00000008 T __seofread
001fa3a8 00000068 T __swrite
001fa410 00000040 T __sseek
001fa450 00000008 T __sclose
001fa458 000001a8 T memmove
001fa600 000004f0 T _realloc_r
001faaf0 0000001c T asctime
001fab0c 0000001c T localtime
001fab28 00000020 T strdup
001fab48 0000000c T __malloc_lock
001fab54 0000000c T __malloc_unlock
001fab60 00000588 T _fseeko_r
001fb0e8 00000030 T fseeko
001fb118 00000148 T _fclose_r
001fb260 00000020 T fclose
001fb280 00000048 T time
001fb2c8 0000003c T fprintf
001fb304 00000030 T read
001fb334 00000008 T _user_strerror
001fb33c 00000004 W __call_exitprocs
001fb340 00000030 T exit
001fb370 000005e0 t get_arg
001fb950 0000345c T _svfprintf_r
001fedac 000000b8 T __sflags
001fee64 00000028 T stat
001fee8c 00000080 T asctime_r
001fef0c 000000f8 T __utf8_wctomb
001ff004 0000003c T __libc_fini_array
001ff040 0000003c T strnlen
001ff07c 0000025c T gmtime_r
001ff2d8 000005e0 t get_arg
001ff8b8 000022f8 T _vfiprintf_r
00201bb0 000000b4 t __sbprintf
00201c64 000000d8 T strncmp
00201d3c 000000a0 T __xpg_strerror_r
00201ddc 0000015c T _wcsnrtombs_l
00201f38 00000064 T _wcsnrtombs_r
00201f9c 00000070 T __match
0020200c 000002a8 T __hexnan
002022b4 00000068 T sprintf
0020231c 000000bc T __strtok_r
002023d8 00000008 T strtok_r
002023e0 00000140 t iso_year_adjust
00202520 00001118 t __strftime.isra.0
00203638 00000038 T strftime
00203670 00000020 T unlink
00203690 00000038 t lflush
002036c8 000001a8 T __srefill_r
00203870 00000010 T nan
00203880 0000000c T nanf
00203890 00000088 T frexp
00203918 000000dc T stpncpy
002039f4 0000000c T __env_lock
00203a00 0000000c T __env_unlock
00203a0c 00000054 T _strdup_r
00203a60 00000008 T iswspace
00203a68 00000088 T _Balloc
00203af0 0000001c T _Bfree
00203b0c 000000f4 T __multadd
00203c00 0000010c T __s2b
00203d0c 00000080 T __hi0bits
00203d8c 000000f0 T __lo0bits
00203e7c 000000a4 T __i2b
00203f20 00000230 T __multiply
00204150 00000130 T __pow5mult
00204280 00000138 T __lshift
002043b8 00000058 T __mcmp
00204410 00000218 T __mdiff
00204628 00000068 T __ulp
00204690 000000d4 T __b2d
00204764 00000120 T __d2b
00204884 00000078 T __ratio
002048fc 0000008c T __copybits
00204988 0000005c T __any_on
002049e4 0000000c T abs
002049f0 00000070 T _fwalk_sglue
00204a60 000005e0 t get_arg
00205040 00003554 T _vfprintf_r
00208594 000000b4 t __sbprintf
00208648 000000a0 T _wcrtomb_r
002086e8 000005e0 t get_arg
00208cc8 0000226c T _svfiprintf_r
0020af34 000000b8 T __submore
0020afec 000000a4 T __ssprint_r
0020b090 00000340 T __utf8_mbtowc
0020b3d0 000004a4 T __sfvwrite_r
0020b874 0000000c T __tz_lock
0020b880 0000000c T __tz_unlock
0020b88c 0000009c T _raise_r
0020b928 00000020 T raise
0020b948 00000068 T siprintf
0020b9b0 0000000c T labs
0020b9bc 00000030 T __sprint_r
0020b9ec 0000035c T localtime_r
0020bd48 00000258 T __tzcalc_limits
0020bfa0 000001c0 t quorem
0020c160 00001420 T _dtoa_r
0020d580 00000010 T _tzset_unlocked
0020d590 0000000c T __gettzinfo
0020d59c 00000038 T iswspace_l
0020d5d4 0000012c T __ssputs_r
0020d700 00000648 T _tzset_unlocked_r
0020dd48 000000a0 T sniprintf
0020dde8 00000090 T category
0020de78 00000078 T siscanf
0020def0 00000020 T _exit
0020df10 00000140 T chdir
0020e050 00000034 T clock_gettime
0020e084 000001c8 T _concatenate_path
0020e24c 00000070 t __dirnext
0020e2bc 00000114 T opendir
0020e3d0 00000098 T closedir
0020e468 000000f8 T readdir_r
0020e560 00000048 T readdir
0020e5a8 00000080 T fchmod
0020e628 00000464 T fnmatch
0020ea8c 0000009c T _fstat_r
0020eb28 00000014 T _getpid_r
0020eb3c 0000002c T __getreent
0020eb68 00000030 T _gettimeofday_r
0020eb98 000000a0 T __release_handle
0020ec38 000000b0 T __alloc_handle
0020ece8 00000058 T __get_handle
0020ed40 00000110 T _close_r
0020ee50 00000008 t null_write
0020ee58 00000018 T setDefaultDevice
0020ee70 00000098 T FindDevice
0020ef08 00000024 T RemoveDevice
0020ef2c 00000088 T AddDevice
0020efb4 00000020 T GetDeviceOpTab
0020efd4 00000008 T _isatty_r
0020efdc 00000014 T _kill_r
0020eff0 00000094 T _lseek_r
0020f084 00000068 T mkdir
0020f0ec 0000001c W sched_yield
0020f108 000000c0 T _open_r
0020f1c8 00000094 T _read_r
0020f25c 00000088 T _rename_r
0020f2e4 00000078 W _sbrk_r
0020f35c 00000080 T _stat_r
0020f3dc 0000001c T __libc_lock_acquire
0020f3f8 0000001c T __libc_lock_release
0020f414 0000001c T __libc_lock_acquire_recursive
0020f430 0000001c T __libc_lock_release_recursive
0020f44c 00000078 T _unlink_r
0020f4c4 00000094 T _write_r
0020f558 T _fini
00210084 00000010 r __func__.5
00210094 0000001f r __func__.0
002100b4 0000001b r __func__.12
002100d0 00000005 r first_row_filter
002100d8 00000009 r stbi__depth_scale_table
002100e4 00000013 r length_dezigzag.2
002100f8 0000001f r __func__.4
00210118 00000120 r stbi__zdefault_length
00210238 00000020 r stbi__zdefault_distance
00210258 0000007c r stbi__zlength_base
002102d4 0000007c r stbi__zlength_extra
00210350 00000080 r stbi__zdist_base
002103d0 00000080 r stbi__zdist_extra
00210450 00000044 r stbi__bmask
00210494 00000017 r __func__.16
002104ac 00000015 r __func__.15
002104c4 00000040 r stbi__jbias
00210504 0000004f r stbi__jpeg_dezigzag
00210554 00000005 r tag.19
0021055c 00000006 r tag.18
00210564 00000003 r rgb.17
00210568 00000008 r png_sig.14
002105e0 0000001d r __func__.11
00210600 0000001b r __func__.10
0021061c 00000010 r __func__.9
0021062c 00000015 r __func__.8
00210644 00000017 r __func__.7
0021065c 00000021 r __func__.6
00210680 0000000c r stbi__stdio_callbacks
0021068c 00000020 r __func__.20
002108d0 00000017 r __func__.21
002108e8 00000017 r __func__.20
00210900 00000017 r __func__.22
00210918 00000016 r __func__.52
00210930 00000400 r drflac__crc32_table
00210d30 00000014 r __func__.50
00210d44 00000015 r __func__.13
00210d5c 00000014 r __func__.48
00210d70 00000200 r drflac__crc16_table
00210f70 00000015 r __func__.44
00210f88 00000013 r __func__.42
00210f9c 00000014 r __func__.41
00210fb0 00000100 r drflac__crc8_table
002110e8 0000001f r __func__.8
00211108 00000018 r __func__.6
00211120 00000032 r __func__.47
00211154 00000014 r __func__.30
00211168 0000003d r __func__.37
002111a8 0000001b r __func__.36
002111c4 00000033 r __func__.38
002111f8 00000020 r __func__.35
00211218 00000020 r __func__.34
00211238 00000025 r __func__.39
00211260 00000030 r __func__.33
00211290 00000028 r __func__.17
002112b8 0000001b r __func__.18
002112d4 0000001b r __func__.16
002112f0 0000001b r __func__.15
0021130c 0000002f r __func__.4
0021133c 0000008d r CSWTCH.620
002113cc 00000022 r __func__.51
002113f0 0000000d r __func__.19
00211400 0000001e r __func__.12
00211420 00000014 r CSWTCH.258
00211494 0000000c r bar_heights.2
002114a0 0000000c r CSWTCH.438
00211504 00000008 r s_defaultTint.0
00213190 r .LC73
00218ef4 r .LC6
00224db4 r .LC2
0022b364 00000014 r CSWTCH.241
0022b384 0000000c r CSWTCH.437
0022b394 R render2d_shbin
0022b520 00000004 r depthFmtSizes
0022b520 R render2d_shbin_end
0022b524 00000005 r colorFmtSizes
0022b52c 00000010 r CSWTCH.11
0022b53c 00000038 r CSWTCH.19
0022b574 00000037 r hextable
0022b5ac 0000000c r mimetable.0
0022b5b8 00000010 r formtable.1
0022b5c8 00000050 r ctts.2
0022b618 00000006 r strnil.0
0022b620 00000006 r null.1
0022b628 00000025 r upper_digits
0022b650 00000025 r lower_digits
0022b678 00000010 r tv_zero.1
0022b688 00000030 r month_days_cumulative.0
0022b6b8 0000033c r tz
0022b9f4 0000001c r weekday
0022ba10 00000030 R Curl_month
0022ba40 0000001c R Curl_wkday
0022ba5c 0000003f r alnum
0022ba9c 00000018 r client_cew
0022bab8 00000010 r tv_zero.1
0022bac8 00000010 r KEY_NOTUSED.2
0022bad8 00000100 r tolowermap
0022bbd8 00000100 r touppermap
0022bcd8 00000004 r CSWTCH.283
0022bcdc 00000054 r protocols
0022bd30 00000021 r badbytes.0
0022bd54 00000011 r hexdigits
0022bd68 00000074 r Curl_ssl_multi
0022bddc 00000024 r ALPN_SPEC_H11
0022be00 00000024 r ALPN_SPEC_H10
0022be24 00000064 r CSWTCH.106
0022be88 00000042 r base64encdec
0022becc 00000018 r error_encoding
0022bee4 00000010 r encodings
0022bef4 00000018 r identity_encoding
0022bf0c 00000018 r gzip_encoding
0022bf24 00000018 r deflate_encoding
0022bf3c 00000020 r badoctets.0
0022bf5c 00000015 r s_infotype.0
0022bf74 00000050 R Curl_handler_dict
0022bfc4 00000050 R Curl_handler_file
0022c014 0000000a r mode.0
0022c020 0000000a r mode.1
0022c02c 00000008 r ftpauth.2
0022c034 00000050 R Curl_handler_ftps
0022c084 00000050 R Curl_handler_ftp
0022c0d4 00000050 R Curl_handler_gophers
0022c124 00000050 R Curl_handler_gopher
0022c174 0000000c r CSWTCH.208
0022c180 0000000c r CSWTCH.207
0022c18c 00000050 R Curl_handler_https
0022c1dc 00000050 R Curl_handler_http
0022c22c 00000018 r CSWTCH.4
0022c244 00000024 r saslimap
0022c268 00000050 R Curl_handler_imaps
0022c2b8 00000050 R Curl_handler_imap
0022c308 00000014 R Curl_DIGEST_MD5
0022c31c 00000018 R Curl_HMAC_MD5
0022c334 00000050 R Curl_handler_mqtt
0022c384 00000024 r saslpop3
0022c3a8 00000050 R Curl_handler_pop3s
0022c3f8 00000050 R Curl_handler_pop3
0022c448 00000050 R Curl_handler_rtsp
0022c498 00000018 R Curl_HMAC_SHA256
0022c4b0 00000050 R Curl_handler_smbs
0022c500 00000050 R Curl_handler_smb
0022c550 00000024 r saslsmtp
0022c574 00000050 R Curl_handler_smtps
0022c5c4 00000050 R Curl_handler_smtp
0022c614 00000009 r lookup.0
0022c620 0000007c r CSWTCH.7
0022c69c 00000190 r CSWTCH.1
0022c82c 00000050 R Curl_handler_telnet
0022c87c 00000050 r telnetcmds
0022c8cc 000000a0 r telnetoptions
0022c96c 00000050 R Curl_handler_tftp
0022c9bc 00000074 R Curl_ssl_mbedtls
0022ca30 00000010 r mbedtls_x509_crt_profile_fr
0022ca40 00000008 r magic.0
0022ca48 00000090 r mechtable
0022cad8 00000038 r errors
0022cb10 00000001 r hmac_opad
0022cb11 00000001 r hmac_ipad
0022cb20 00000010 r __func__.0
0022cb30 00000010 r __func__.1
0022cb40 0000001b r __func__.2
0022cb60 00000030 r my_encodings
0022cb90 00000024 r my_rates
0022cbb4 00000015 r __func__.0
0022cbcc 0000001b r __func__.0
0022cbf0 00000008 r __func__.1
0022cbf8 0000000d r __func__.2
0022cc08 0000000e r __func__.3
0022cc18 00000008 r __func__.4
0022cc20 0000001b r __func__.5
0022cc3c 0000000e r __func__.6
0022cc4c 0000000a r __func__.7
0022cc58 00000024 r freqs
0022cc7c 00000180 r tabsel_123
0022cdfc 0000000e r __func__.0
0022ce0c 00000014 r __func__.2
0022ce20 0000001f r __func__.3
0022ce40 00000012 r __func__.4
0022ce54 00000016 r __func__.5
0022ce6c 00000019 r __func__.6
0022ce88 00000017 r __func__.7
0022cea4 00000010 r CSWTCH.49
0022ceb4 00000010 r __func__.0
0022cec4 0000000d r __func__.1
0022ced4 0000000e r __func__.2
0022cee4 0000000f r __func__.3
0022cef4 00000010 r __func__.4
0022cf04 00000015 r __func__.5
0022cf1c 0000000c r __func__.6
0022cf28 00000011 r __func__.7
0022cf3c 00000013 r __func__.8
0022cf50 00000010 r encoding_widths
0022cf60 00000010 r text_converters
0022cf70 00000019 r frame_type
0022cf8c 00000015 r __func__.0
0022cfa4 0000000d r __func__.1
0022cfb4 0000001b r __func__.2
0022cfd0 00000100 r synth_base
0022d0d0 00000054 r decname
0022d124 00000006 r dn_nodec
0022d12c 0000000c r dn_sse_vintage
0022d138 00000011 r dn_dreidnowext_vintage
0022d14c 0000000e r dn_dreidnow_vintage
0022d15c 00000004 r dn_avx
0022d160 00000007 r dn_neon64
0022d168 00000005 r dn_neon
0022d170 00000004 r dn_arm
0022d174 00000007 r dn_x86_64
0022d17c 00000004 r dn_sse
0022d180 00000008 r dn_altivec
0022d188 00000009 r dn_dreidnowext
0022d194 00000006 r dn_dreidnow
0022d19c 00000004 r dn_mmx
0022d1a0 0000000c r dn_ifuenf_dither
0022d1ac 00000005 r dn_ifuenf
0022d1b4 00000005 r dn_ivier
0022d1bc 00000005 r dn_idrei
0022d1c4 0000000f r dn_generic_dither
0022d1d4 00000008 r dn_generic
0022d1dc 00000005 r dn_autodec
0022d1e4 0000000d r __func__.1
0022d1f4 0000000d r __func__.2
0022d204 00000012 r __func__.3
0022d218 00000011 r __func__.4
0022d22c 00000011 r __func__.5
0022d240 0000001c r __func__.0
0022d25c 00000404 r intwinbase
0022d660 00000004 r cos4
0022d664 00000008 r cos8
0022d66c 00000010 r cos16
0022d67c 00000020 r cos32
0022d69c 00000040 r cos64
0022d6dc 00000008 r __func__.0
0022d6e4 0000000b r __func__.1
0022d6f0 0000000d r __func__.2
0022d700 0000000b r __func__.3
0022d70c 00000011 r __func__.4
0022d720 00000008 r __func__.0
0022d728 0000000c r __func__.1
0022d734 00000011 r __func__.2
0022d748 00000c00 r grp_9tab
0022e348 00000180 r grp_5tab
0022e4c8 00000060 r grp_3tab
0022e528 00001b00 r layer12_table
00230028 00000310 r alloc_4
00230338 000001c0 r alloc_3
002304f8 00000140 r alloc_2
00230638 000004b0 r alloc_1
00230ae8 00000480 r alloc_0
00230f68 00000016 r __func__.0
00230f80 00000008 r __func__.1
00230f88 00000012 r __func__.2
00230f9c 00000011 r __func__.3
00230fb0 000003de r bandInfo
00231390 00000200 r i_slen2
00231590 00000400 r n_slen2
00231990 0000006c r mapend
002319fc 0000006c r map
00231a68 00000318 r mapbuf2
00231d80 00000af8 r mapbuf1
00232878 00000ab0 r mapbuf0
00233328 00000100 r pow2_2
00233428 00000100 r pow1_2
00233528 00000100 r pow2_1
00233628 00000100 r pow1_1
00233728 00000040 r tan2_2
00233768 00000040 r tan1_2
002337a8 00000040 r tan2_1
002337e8 00000040 r tan1_1
00233828 00000240 r win1
00233a68 00000240 r win
00233ca8 0000803c r ispow
0023bce4 00000010 r htc
0023bcf4 00000100 r ht
0023bdf4 0000003e r tab_c1
0023be34 0000003e r tab_c0
0023be74 00000800 r tab24_
0023c674 00000820 r tab16_
0023ce94 000007e0 r tab15_
0023d674 000007e0 r tab13_
0023de54 000001e0 r tab12_
0023e034 000001e0 r tab11_
0023e214 00000220 r tab10_
0023e434 00000100 r tab9_
0023e534 00000100 r tab8_
0023e634 00000120 r tab7_
0023e754 00000080 r tab6_
0023e7d4 00000060 r tab5_
0023e834 00000060 r tab3_
0023e894 00000060 r tab2_
0023e8f4 00000020 r tab1_
0023e914 00000020 r tab0_
0023e940 00001280 r ciphersuite_definitions
0023fbc0 00000340 r ciphersuite_preference
0023ff2c 00000010 r CSWTCH.83
0023ff3c 00000003 r ssl_preset_suiteb_curves
0023ff40 0000000c r ssl_preset_suiteb_hashes
0023ff4c 0000000c r ssl_preset_suiteb_ciphersuites
0023ff58 00000014 r ssl_preset_default_hashes
0024003c 00000010 R mbedtls_x509_crt_profile_suiteb
0024004c 00000010 R mbedtls_x509_crt_profile_default
00240060 000002a0 r small_prime
00240310 000001b8 R mbedtls_cipher_definitions
002404c8 0000001c r chachapoly_info
002404e4 00000030 r chachapoly_base_info
00240514 0000001c r chacha20_info
00240530 00000030 r chacha20_base_info
00240560 0000001c r arc4_128_info
0024057c 00000030 r arc4_base_info
002405ac 0000001c r blowfish_ctr_info
002405c8 0000001c r blowfish_cfb64_info
002405e4 0000001c r blowfish_cbc_info
00240600 0000001c r blowfish_ecb_info
0024061c 00000030 r blowfish_info
0024064c 0000001c r des_ede3_cbc_info
00240668 0000001c r des_ede3_ecb_info
00240684 00000030 r des_ede3_info
002406b4 0000001c r des_ede_cbc_info
002406d0 0000001c r des_ede_ecb_info
002406ec 00000030 r des_ede_info
0024071c 0000001c r des_cbc_info
00240738 0000001c r des_ecb_info
00240754 00000030 r des_info
00240784 0000001c r camellia_256_ccm_info
002407a0 0000001c r camellia_192_ccm_info
002407bc 0000001c r camellia_128_ccm_info
002407d8 00000030 r ccm_camellia_info
00240808 0000001c r camellia_256_gcm_info
00240824 0000001c r camellia_192_gcm_info
00240840 0000001c r camellia_128_gcm_info
0024085c 00000030 r gcm_camellia_info
0024088c 0000001c r camellia_256_ctr_info
002408a8 0000001c r camellia_192_ctr_info
002408c4 0000001c r camellia_128_ctr_info
002408e0 0000001c r camellia_256_cfb128_info
002408fc 0000001c r camellia_192_cfb128_info
00240918 0000001c r camellia_128_cfb128_info
00240934 0000001c r camellia_256_cbc_info
00240950 0000001c r camellia_192_cbc_info
0024096c 0000001c r camellia_128_cbc_info
00240988 0000001c r camellia_256_ecb_info
002409a4 0000001c r camellia_192_ecb_info
002409c0 0000001c r camellia_128_ecb_info
002409dc 00000030 r camellia_info
00240a0c 0000001c r aes_256_ccm_info
00240a28 0000001c r aes_192_ccm_info
00240a44 0000001c r aes_128_ccm_info
00240a60 00000030 r ccm_aes_info
00240a90 0000001c r aes_256_gcm_info
00240aac 0000001c r aes_192_gcm_info
00240ac8 0000001c r aes_128_gcm_info
00240ae4 00000030 r gcm_aes_info
00240b14 0000001c r aes_256_xts_info
00240b30 0000001c r aes_128_xts_info
00240b4c 00000030 r xts_aes_info
00240b7c 0000001c r aes_256_ctr_info
00240b98 0000001c r aes_192_ctr_info
00240bb4 0000001c r aes_128_ctr_info
00240bd0 0000001c r aes_256_ofb_info
00240bec 0000001c r aes_192_ofb_info
00240c08 0000001c r aes_128_ofb_info
00240c24 0000001c r aes_256_cfb128_info
00240c40 0000001c r aes_192_cfb128_info
00240c5c 0000001c r aes_128_cfb128_info
00240c78 0000001c r aes_256_cbc_info
00240c94 0000001c r aes_192_cbc_info
00240cb0 0000001c r aes_128_cbc_info
00240ccc 0000001c r aes_256_ecb_info
00240ce8 0000001c r aes_192_ecb_info
00240d04 0000001c r aes_128_ecb_info
00240d20 00000030 r aes_info
00240d50 00000080 r odd_parity_table
00240dd0 00000040 r RHs
00240e10 00000040 r LHs
00240e50 00000100 r SB8
00240f50 00000100 r SB7
00241050 00000100 r SB6
00241150 00000100 r SB5
00241250 00000100 r SB4
00241350 00000100 r SB3
00241450 00000100 r SB2
00241550 00000100 r SB1
00241650 0000000c r ecp_x25519_bad_point_2
0024165c 0000000c r ecp_x25519_bad_point_1
00241668 00000020 r x25519_bad_point_2
00241688 00000020 r x25519_bad_point_1
002416a8 000000a8 r ecp_supported_curves
0024176c 00000004 r one.0
00241770 00000008 r Rp.1
00241778 00000008 r Rp.2
00241780 00000008 r Rp.3
00241788 0000001c r curve448_part_of_n
002417a4 00000010 r curve25519_part_of_n
002417b4 00000040 r brainpoolP512r1_n
002417f4 00000040 r brainpoolP512r1_gy
00241834 00000040 r brainpoolP512r1_gx
00241874 00000040 r brainpoolP512r1_b
002418b4 00000040 r brainpoolP512r1_a
002418f4 00000040 r brainpoolP512r1_p
00241934 00000030 r brainpoolP384r1_n
00241964 00000030 r brainpoolP384r1_gy
00241994 00000030 r brainpoolP384r1_gx
002419c4 00000030 r brainpoolP384r1_b
002419f4 00000030 r brainpoolP384r1_a
00241a24 00000030 r brainpoolP384r1_p
00241a54 00000020 r brainpoolP256r1_n
00241a74 00000020 r brainpoolP256r1_gy
00241a94 00000020 r brainpoolP256r1_gx
00241ab4 00000020 r brainpoolP256r1_b
00241ad4 00000020 r brainpoolP256r1_a
00241af4 00000020 r brainpoolP256r1_p
00241b14 00000020 r secp256k1_n
00241b34 00000020 r secp256k1_gy
00241b54 00000020 r secp256k1_gx
00241b74 00000004 r secp256k1_b
00241b78 00000004 r secp256k1_a
00241b7c 00000020 r secp256k1_p
00241b9c 00000020 r secp224k1_n
00241bbc 0000001c r secp224k1_gy
00241bd8 0000001c r secp224k1_gx
00241bf4 00000004 r secp224k1_b
00241bf8 00000004 r secp224k1_a
00241bfc 0000001c r secp224k1_p
00241c18 00000018 r secp192k1_n
00241c30 00000018 r secp192k1_gy
00241c48 00000018 r secp192k1_gx
00241c60 00000004 r secp192k1_b
00241c64 00000004 r secp192k1_a
00241c68 00000018 r secp192k1_p
00241c80 00000044 r secp521r1_n
00241cc4 00000044 r secp521r1_gy
00241d08 00000044 r secp521r1_gx
00241d4c 00000044 r secp521r1_b
00241d90 00000044 r secp521r1_p
00241dd4 00000030 r secp384r1_n
00241e04 00000030 r secp384r1_gy
00241e34 00000030 r secp384r1_gx
00241e64 00000030 r secp384r1_b
00241e94 00000030 r secp384r1_p
00241ec4 00000020 r secp256r1_n
00241ee4 00000020 r secp256r1_gy
00241f04 00000020 r secp256r1_gx
00241f24 00000020 r secp256r1_b
00241f44 00000020 r secp256r1_p
00241f64 0000001c r secp224r1_n
00241f80 0000001c r secp224r1_gy
00241f9c 0000001c r secp224r1_gx
00241fb8 0000001c r secp224r1_b
00241fd4 00000020 r secp224r1_p
00241ff4 00000018 r secp192r1_n
0024200c 00000018 r secp192r1_gy
00242024 00000018 r secp192r1_gx
0024203c 00000018 r secp192r1_b
00242054 00000018 r secp192r1_p
00242160 00000080 r last4
00242214 0000001c r CSWTCH.2
00242230 00000020 r supported_digests
00242250 00000008 R mbedtls_sha512_info
00242258 00000008 R mbedtls_sha384_info
00242260 00000008 R mbedtls_sha256_info
00242268 00000008 R mbedtls_sha224_info
00242270 00000008 R mbedtls_sha1_info
00242278 00000008 R mbedtls_ripemd160_info
00242280 00000008 R mbedtls_md5_info
00242288 0000003c r oid_pkcs12_pbe_alg
002422c4 00000078 r oid_md_hmac
0024233c 000000a0 r oid_md_alg
002423dc 0000003c r oid_cipher_alg
00242418 000000f0 r oid_ecp_grp
00242508 00000050 r oid_pk_alg
00242558 00000118 r oid_sig_alg
00242670 00000080 r oid_ext_key_usage
002426f0 0000008c r oid_x509_ext
0024277c 00000190 r oid_x520_attr_type
0024290c 00000010 r CSWTCH.6
0024291c 00000030 R mbedtls_ecdsa_info
0024294c 00000030 R mbedtls_eckeydh_info
0024297c 00000030 R mbedtls_eckey_info
002429ac 00000030 R mbedtls_rsa_info
002429dc 00000004 r memset_func
002429e0 00000040 r ripemd160_padding
00242a20 00000100 r K
00242b20 00000280 r K
00242da0 00001000 r S
00243da0 00000048 r P
00243de8 00000028 r transposes
00243e10 000000a0 r indexes
00243eb0 00000020 r shifts
00243ed0 00000100 r FSb4
00243fd0 00000100 r FSb3
002440d0 00000100 r FSb2
002441d0 00000100 r FSb
002442d0 00000030 r SIGMA_CHARS
00244340 00000080 r distfix.0
002443c0 00000800 r lenfix.1
00244bc0 00000026 r order.2
00244be8 00000040 r dext.0
00244c28 00000040 r dbase.1
00244c68 0000003e r lext.2
00244ca8 0000003e r lbase.3
00244ce8 00001000 r crc_braid_table
00245ce8 00000400 r crc_table
002460e8 00000008 r Zero
002460f0 00000060 R __inv_pio4
00246150 000000e0 R __sincosf_table
00246230 00000870 R __exp_data
00246aa0 00001090 R __log_data
00247b3c 00000011 r dsp_filename.0
00247b6c 00000008 r morton_y.2
00247b74 00000008 r morton_x.3
00247b7c 00000008 r s_sleepWakeEvents.4
00247b84 0000000c r serviceNameTable.5
00247b90 0000004d r _net_error_code_map
00247be0 00000030 r error_table
00247c10 00000080 r archive_devoptab
00247de4 00000022 r basefix.0
00247e68 00000014 r fpinan.0
00247e7c 00000014 r fpi.1
00247e90 00000028 r tinytens
00247eb8 00000100 R __hexdig
002480c8 00000022 r basefix.0
002481d4 00000010 r zeroes.0
002481e4 00000010 r blanks.1
002481f4 00000024 r mon_name.0
00248218 00000015 r day_name.1
00248318 00000010 r zeroes.0
00248328 00000010 r blanks.1
00248338 00000101 R _ctype_
002484e8 0000000c r p05.0
002484f8 00000028 R __mprec_bigtens
00248520 000000c8 R __mprec_tens
002486d4 00000010 r zeroes.0
002486e4 00000010 r blanks.1
002487e0 00000010 r zeroes.0
002487f0 00000010 r blanks.1
00248800 0000006c R __action_table
0024886c 0000006c R __state_table
002488d8 00000100 R __chclass
002489e0 000000fc R _C_time_locale
00248adc 00000060 R __month_lengths
00248b3c 000037f8 r categories
0024c334 00000080 R dotab_stdnull
0024c3b4 R __tdata_align
0024c3b8 r __EH_FRAME_BEGIN__
0024c3b8 R __exidx_end
0024c3b8 R __exidx_start
0024d000 00000004 d stbi__l2h_gamma
0024d004 00000004 d stbi__l2h_scale
0024d008 00000019 d invalid_chunk.13
0024d024 00000050 d lpcCoefficientsTable.40
0024d074 00000001 d s_initial_buffering
0024d078 00000004 d s_decode_sample_rate
0024d07c 00000001 d s_quality_tier
0024d080 00000004 d s_current_track_idx
0024d084 00000001 d s_auto_advance
0024d088 00000004 d s_pending_prefetch_idx
0024d08c 00000001 d s_screen
0024d090 00000004 d s_status_color
0024d094 00000001 d s_prev_screen
0024d098 0000000c d global_hooks
0024d0a4 00000008 d framerateCounter
0024d0ac 00000004 d framerate
0024d0b0 00000004 D Curl_ccalloc
0024d0b4 00000004 D Curl_cstrdup
0024d0b8 00000004 D Curl_crealloc
0024d0bc 00000004 D Curl_cfree
0024d0c0 00000004 D Curl_cmalloc
0024d0c4 0000003c D Curl_cft_ssl_proxy
0024d100 0000003c D Curl_cft_ssl
0024d13c 00000008 d available_backends
0024d144 00000004 D Curl_ssl
0024d148 0000003c D Curl_cft_setup
0024d184 0000003c D Curl_cft_happy_eyeballs
0024d1c0 0000003c D Curl_cft_http_proxy
0024d1fc 0000003c D Curl_cft_socks_proxy
0024d238 0000003c D Curl_cft_h1_proxy
0024d274 0000003c D Curl_cft_haproxy
0024d2b0 0000003c D Curl_cft_http_connect
0024d2ec 0000003c D Curl_cft_tcp_accept
0024d328 0000003c D Curl_cft_unix
0024d364 0000003c D Curl_cft_udp
0024d3a0 0000003c D Curl_cft_tcp
0024d3dc 00000030 d bad_reader
0024d40c 000000f0 d readers
0024d4fc 00000014 D INT123_pnts
0024d510 0000002c d pretab_choice
0024d53c 00000004 d queueLock
0024d540 00000004 d aptChainloadDeliverArgSize
0024d544 00000004 d kCount
0024d548 00000004 d kInterval
0024d54c 00000004 d kDelay
0024d550 00000080 d soc_devoptab
0024d5d0 W __stacksize__
0024d5d4 00000004 D _impure_ptr
0024d5d8 00000200 D _impure_data
0024d7d8 00000254 D __global_locale
0024da2c 00000004 D __malloc_sbrk_base
0024da30 00000004 D __malloc_trim_threshold
0024da38 00000408 D __malloc_av_
0024de40 0000000c D __sglue
0024de4c 00000008 D _tzname
0024de54 00000004 D environ
0024de58 00000058 d tzinfo
0024deb0 00000400 d _current_working_directory
0024e2b0 00001000 d handles
0024f2b0 0000000c d __stderr_handle
0024f2bc 0000000c d __stdout_handle
0024f2c8 0000000c d __stdin_handle
0024f2d4 0000008c D devoptab_list
0024f360 00000004 d defaultDevice
0024f36c d _GLOBAL_OFFSET_TABLE_
0024f378 d __frame_dummy_init_array_entry
0024f378 D __init_array_start
0024f378 B __preinit_array_end
0024f378 B __preinit_array_start
0024f378 D __tdata_lma
0024f378 D __tdata_lma_end
0024f37c d __do_global_dtors_aux_fini_array_entry
0024f37c D __fini_array_start
0024f37c D __init_array_end
0024f380 D __bss_start__
0024f380 D __fini_array_end
0024f380 00000004 b stbi__g_failure_reason
0024f384 00000004 b stbi__vertically_flip_on_load
0024f388 00000004 b stbi__de_iphone_flag
0024f38c 00000004 b stbi__unpremultiply_on_load
0024f390 00000018 b s_tex
0024f3a8 00000001 b s_has_texture
0024f3a9 00000001 b s_is_loading
0024f3ac 00000004 b s_curl_multi
0024f3b0 00000004 b s_curl_easy
0024f3b4 00000004 b s_headers
0024f3b8 0000000c b s_buf
0024f3c4 00000014 b s_subtex
0024f3d8 00000008 b s_image
0024f3e0 00000014 b s_prefetch_ring
0024f3f4 00000014 b s_ring
0024f408 00000001 b s_prefetch_curl_paused
0024f40c 00000004 b s_curl_multi
0024f410 00000004 b s_curl_easy
0024f414 00000001 b s_prefetch_active
0024f418 00000004 b s_prefetch_curl
0024f41c 00000001 b s_curl_paused
0024f420 00000004 b s_prefetch_headers
0024f424 00000800 b s_prefetch_url
0024fc24 00000060 b s_wave_bufs
0024fc84 00000004 b s_headers
0024fc88 00000004 b s_flac
0024fc8c 00000004 b s_mpg
0024fc90 00000800 b s_current_url
00250490 00000001 b s_codec
00250494 00000004 b s_samples_played
00250498 00000008 b s_speed_window_start
002504a0 00000004 b s_speed_window_bytes
002504a4 00000004 b s_underrun_count
002504a8 00000001 b s_needs_quality_downgrade
002504b0 00000008 b s_last_underrun_tick
002504b8 00000001 b s_state
002504bc 00000004 b s_pcm_buffer
002504c0 00000004 b s_feed_buffer
002504c4 00000004 b s_position_offset_ms
002504c8 00000004 b s_download_speed_bps
002504cc 00000200 b s_vis_snapshot
002506cc 00000004 b s_vis_snapshot_count
002506d0 00000004 b s_duration_ms
002506d4 00000004 b s_log_count
002506d8 00000004 b s_log_head
002506dc 00000004 b s_log_file
002506e0 00003c00 b s_log_lines
002542e0 00000004 b soc_buffer
002542e4 00000880 b app_config
00254b68 00000004 b s_lyr_multi
00254b6c 00000004 b s_lyr_easy
00254b70 00000004 b s_lyr_headers
00254b78 0000000c b s_lyr_buf
00254b84 00000004 b s_tl_multi
00254b88 00000004 b s_tl_easy
00254b8c 00000004 b s_tl_headers
00254b90 0000000c b s_tl_buf
00254b9c 00000001 b s_tl_active
00254ba0 00000800 b s_server_url
002553a0 00000080 b s_auth_token
00255420 00000001 b s_initialized
00255421 00000001 b s_lyr_state
00255424 00000004 b s_lyr_result_count
00255428 00000200 b s_lyr_stream_key
00255628 00000100 b s_lyr_rating_key
00255728 00002100 b s_lyr_result
00257828 00000004 b s_num_tracks
0025782c 00000004 b s_config
00257830 00000004 b s_num_lyrics
00257834 00000004 b s_text_buf
00257838 00000004 b s_scroll_timer.1
0025783c 00000004 b s_spinner_angle
00257840 00000004 b s_list_offset
00257844 00000004 b s_selected_idx
00257848 00000004 b s_list_count
0025784c 00000004 b s_setup_field
00257850 00000100 b s_status_msg
00257950 00000098 b s_pin
002579e8 00000004 b s_pin_timer
002579ec 00000004 b s_num_servers
002579f0 00000004 b s_num_libraries
002579f4 00000001 b s_need_load_libraries
002579f8 00000004 b s_total_items
002579fc 00000004 b s_num_artists
00257a00 00000004 b s_num_albums
00257a04 00000001 b s_show_logs
00257a08 00000004 b s_log_scroll_offset
00257a0c 00000004 b s_scroll_repeat.4
00257a10 00000008 b s_last_timeline_tick.3
00257a18 00000001 b s_top_view
00257a19 00000001 b s_vis_style
00257a1c 00000080 b s_login_user
00257a9c 00000080 b s_login_pass
00257b1c 00000010 b s_login_2fa
00257b2c 00000100 b s_current_title
00257c2c 00000001 b s_is_lazy_loading
00257c30 00000800 b s_active_key
00258430 00000060 b s_bar_level.0
00258490 00002100 b s_lyrics
0025a590 00128ff4 b s_servers
00383584 001397a0 b s_playlists
004bcd24 00277590 b s_tracks
007342b4 00252ba0 b s_albums
00986e54 00271000 b s_artists
00bf7e54 00046cd0 b s_libraries
00c3eb24 00000008 b global_error
00c3eb2c 0000000f b version.0
00c3eb40 000005a8 B __C2Di_Context
00c3f0e8 00000040 b s_projTop
00c3f128 00000040 b s_projBot
00c3f168 00000004 b uLoc_mdlvMtx
00c3f16c 00000004 b uLoc_projMtx
00c3f170 00000004 b s_glyphSheets
00c3f174 00000004 b s_textScale
00c3f178 b completed.1
00c3f17c b object.0
00c3f194 0000000c b hookCookie
00c3f1a0 000002d0 B __C3D_Context
00c3f470 00000004 b frameEndCbData
00c3f474 00000004 b frameEndCb
00c3f478 00000008 b frameCounter
00c3f480 00000001 b isTopStereo
00c3f481 00000001 b needSwapBot
00c3f482 00000001 b needSwapTop
00c3f483 00000001 b measureGpuTime
00c3f484 00000001 b inSafeTransfer
00c3f485 00000001 b inFrame
00c3f488 00000010 b cpuTime
00c3f498 00000010 b gpuTime
00c3f4a8 0000000c b linkedTarget
00c3f4b4 00000004 b lastTarget
00c3f4b8 00000004 b firstTarget
00c3f4bc 00000008 b C3Di_IVUnifEverDirty
00c3f4c4 000000c0 b C3Di_FVUnifEverDirty
00c3f584 00000018 b C3Di_ShaderFVecData
00c3f59c 00000002 B C3D_BoolUnifsDirty
00c3f5a0 00000008 B C3D_IVUnifDirty
00c3f5a8 000000c0 B C3D_FVUnifDirty
00c3f668 00000004 B C3D_BoolUnifs
00c3f66c 00000020 B C3D_IVUnif
00c3f68c 00000c00 B C3D_FVUnif
00c4028c 00000004 b s_lock
00c40290 00000004 b initialized
00c40294 00000004 b randseed.0
00c40298 00000001 b seeded.1
00c4029c 00000004 b backends_len.0
00c402a0 000000c8 b backends.1
00c40368 00000004 b selected.2
00c4036c 00000001 b init_ssl
00c40370 00000004 b supported_init
00c40374 00000250 b supported_ciphersuites
00c405c4 00000004 b debug_threshold
00c405c8 00000004 b init_done.0
00c405cc 0000000e b ecp_supported_grp_id
00c405dc 00000004 b aes_init_done
00c405e0 00000028 b round_constants
00c40608 00000400 b RT3
00c40a08 00000400 b RT2
00c40e08 00000400 b RT1
00c41208 00000400 b RT0
00c41608 00000100 b RSb
00c41708 00000400 b FT3
00c41b08 00000400 b FT2
00c41f08 00000400 b FT1
00c42308 00000400 b FT0
00c42708 00000100 b FSb
00c42808 00000008 b sLinearPool
00c42810 0000000c b sAddrMap
00c42820 00000008 b sVramPoolB
00c42828 00000008 b sVramPoolA
00c42830 0000000c b sAddrMap
00c4283c 00000004 b sharedFontAddr
00c42840 00000004 B g_sharedFont
00c42844 00000004 b screenAlloc
00c42848 00000004 b screenFree
00c4284c 00000002 b gfxIsDoubleBuf
00c42850 00000002 b gfxCurBuf
00c42852 00000001 b gfxIsVram
00c42853 00000001 b gfxTopMode
00c42854 00000002 b gfxFramebufferFormats
00c42858 00000004 b gfxBottomFramebufferMaxSize
00c4285c 00000004 b gfxTopFramebufferMaxSize
00c42860 00000008 b gfxBottomFramebuffers
00c42868 00000008 b gfxTopFramebuffers
00c42870 00000001 V __ctru_speedup
00c42874 00000004 B gpuCmdBufOffset
00c42878 00000004 B gpuCmdBufSize
00c4287c 00000004 B gpuCmdBuf
00c42880 00000004 b boundQueue
00c42884 00000001 b shouldStop
00c42885 00000001 b isRunning
00c42886 00000001 b isActive
00c42888 00000004 b curQueue
00c4288c 00000004 b ndspRefCount
00c42890 00000048 b ndspMaster
00c428d8 00000004 b ndspThread
00c428dc 00000001 b ndspThreadRun
00c428e0 00001080 b dspVar5Backup
00c43960 00000004 b ndspMutex
00c43964 00000008 b sleepEvent
00c4396c 00000004 b dspSem
00c43970 00000004 b irqEvent
00c43974 00000008 b ndspHookCookie
00c4397c 00000001 b componentFree
00c4397e 00000002 b componentDataMask
00c43980 00000002 b componentProgMask
00c43984 00000004 b componentSize
00c43988 00000004 b componentBin
00c4398c 00000004 b frameCount
00c43990 00000004 b droppedFrames
00c43994 00000001 b bCancelReceived
00c43995 00000001 b bSleeping
00c43996 00000001 b bEnteringSleep
00c43997 00000001 b bDspReady
00c43998 00000080 B ndspVars
00c43a18 00000002 B ndspBufferId
00c43a1a 00000002 B ndspBufferCurId
00c43a1c 00000002 B ndspFrameId
00c43a20 00000c60 b ndspChn
00c44680 00000001 b flagValue.0
00c44681 00000001 b flagInit.1
00c44684 00000004 b serviceName.6
00c44688 00000001 b aptChainloadFlags
00c44689 00000001 b aptChainloadMediatype
00c4468c 00000020 b aptChainloadHmac
00c446ac 00000300 b aptChainloadDeliverArg
00c449b0 00000008 b aptChainloadTid
00c449b8 00001000 b aptParameters
00c459b8 00000004 b aptFlags
00c459bc 00000001 b aptHomeButtonState
00c459c0 00000004 b aptMessageFuncData
00c459c4 00000004 b aptMessageFunc
00c459c8 0000000c b aptFirstHook
00c459d4 00000001 b aptEventHandlerThreadQuit
00c459d8 00000004 b aptEventHandlerThread
00c459dc 00000008 b aptSleepEvent
00c459e4 00000008 b aptReceiveEvent
00c459ec 00000008 b aptEvents
00c459f4 00000004 b aptLockHandle
00c459f8 00000004 b aptRefCount
00c459fc 00000004 b cfguRefCount
00c45a00 00000004 b cfguHandle
00c45a04 00000002 b dspSavedCompDataMask
00c45a06 00000002 b dspSavedCompProgMask
00c45a08 00000004 b dspSavedCompSize
00c45a0c 00000004 b dspSavedCompBin
00c45a10 00000001 b dspSleeping
00c45a11 00000001 b dspComponentLoaded
00c45a14 00000008 b dspFirstHook
00c45a1c 00000004 b dspRefCount
00c45a20 00000004 b dspHandle
00c45a28 00000080 b fsExemptArchives
00c45aa8 00000004 b fsuRefCount
00c45aac 00000004 b fsuHandle
00c45ab0 00000007 b gspEventCbOneShot
00c45ab8 0000001c b gspEventCbData
00c45ad4 0000001c b gspEventCb
00c45af0 00000038 b gspEvents
00c45b28 00000004 b gspLastEvent
00c45b2c 00000001 b gspRunEvents
00c45b30 00000004 b gspEventThread
00c45b34 00000004 b gspEvent
00c45b38 00000001 b gspGpuRight
00c45b39 00000001 b gspThreadId
00c45b3c 00000004 b gspSharedMem
00c45b40 00000004 b gspSharedMemHandle
00c45b44 00000004 b gspRefCount
00c45b48 00000004 b gspGpuHandle
00c45b4c 00000001 b usingIrrst
00c45b50 00000004 b hidRefCount
00c45b54 00000006 b gRate
00c45b5c 00000006 b aVec
00c45b64 00000004 b cPos
00c45b68 00000004 b tPos
00c45b6c 00000004 b kRepeat
00c45b70 00000004 b kUp
00c45b74 00000004 b kDown
00c45b78 00000004 b kHeld
00c45b7c 00000004 b kOld
00c45b80 00000004 B hidSharedMem
00c45b84 00000014 B hidEvents
00c45b98 00000004 B hidMemHandle
00c45b9c 00000004 B hidHandle
00c45ba0 00000004 b irrstRefCount
00c45ba4 00000004 b csPos
00c45ba8 00000004 b kHeld
00c45bac 00000004 B irrstSharedMem
00c45bb0 00000004 B irrstEvent
00c45bb4 00000004 B irrstMemHandle
00c45bb8 00000004 B irrstHandle
00c45bbc 00000004 b ptmSysmRefCount
00c45bc0 00000004 b ptmSysmHandle
00c45bc4 00000004 b ptmuRefCount
00c45bc8 00000004 b ptmuHandle
00c45bcc 00000004 B __sslc_servhandle
00c45bd0 00000004 B socMemhandle
00c45bd4 00000004 B SOCU_handle
00c45bd8 00000004 b swkbdSharedMemHandle
00c45bdc 00000004 b swkbdSharedMem
00c45be0 00000004 V __ctru_linear_heap_size
00c45be4 00000004 V __ctru_heap_size
00c45be8 00000004 B __ctru_linear_heap
00c45bec 00000004 B __ctru_heap
00c45bf0 00000004 B __system_retAddr
00c45bf4 00000004 B __system_argv
00c45bf8 00000004 B __system_argc
00c45bfc b saved_stack
00c45c04 00000004 B __3dslink_host
00c45c08 00000004 b srvRefCount
00c45c0c 00000004 b srvHandle
00c45c10 00000004 b arbiter
00c45c14 00000004 b currentAddr
00c45c18 00000004 b maxAddr
00c45c1c 00000004 b minAddr
00c45c20 00000004 b srvPmHandle
00c45c28 000005c0 b archive_devices
00c461e8 00000004 b archive_device_cwd
00c461ec 00000001 b archive_initialized
00c461f0 00000028 B __malloc_current_mallinfo
00c46218 00000004 B __malloc_max_total_mem
00c4621c 00000004 B __malloc_max_sbrked_mem
00c46220 00000004 B __malloc_top_pad
00c46224 0000000c b __sfp_recursive_mutex
00c46230 00000168 B __sf
00c46398 00000004 B __stdio_exit_handler
00c4639c 0000000c b __malloc_recursive_mutex
00c463a8 0000000c b __env_recursive_mutex
00c463b4 00000004 B _timezone
00c463b8 00000004 B _daylight
00c463bc 00000004 b __tz_mutex
00c463c0 00000004 b initial_env
00c463c4 00000004 b prev_tzenv
00c463c8 0000000c b __tzname_dst
00c463d4 0000000c b __tzname_std
00c463e0 00000400 b temp_cwd
00c467e0 00000004 b __hndl_lock
00c467e4 00000004 B fake_heap_start
00c467e8 00000004 B fake_heap_end
00c467ec 00000004 b heap_start.0
00c467f0 B __tls_start
00c473f8 B __bss_end__
00c473f8 A __end__
00c473f8 B __tls_end
